Date,Price,Open,High,Low,Vol.,Change %
1/2/2015,5242.77,5233.80,5247.94,5230.75,3.81B,0.30%
1/5/2015,5219.99,5229.68,5233.66,5206.28,4.48B,-0.43%
1/6/2015,5169.06,5186.20,5194.80,5169.06,5.15B,-0.98%
1/7/2015,5207.12,5175.55,5207.38,5174.80,7.21B,0.74%
1/8/2015,5211.83,5218.40,5230.18,5208.99,6.92B,0.09%
1/9/2015,5216.66,5226.89,5240.24,5212.28,7.39B,0.09%
1/12/2015,5187.93,5202.75,5220.25,5183.21,4.77B,-0.55%
1/13/2015,5214.36,5199.94,5217.22,5197.09,7.29B,0.51%
1/14/2015,5159.67,5217.20,5225.02,5159.67,6.40B,-1.05%
1/15/2015,5188.71,5180.43,5193.95,5168.01,5.42B,0.56%
1/16/2015,5148.38,5182.01,5204.49,5148.38,4.62B,-0.78%
1/19/2015,5152.09,5152.16,5171.68,5132.71,4.48B,0.07%
1/20/2015,5166.09,5154.37,5166.09,5121.81,4.72B,0.27%
1/21/2015,5215.27,5176.35,5215.27,5164.30,3.97B,0.95%
1/22/2015,5253.18,5215.64,5267.57,5215.03,6.03B,0.73%
1/23/2015,5323.89,5281.18,5325.04,5281.18,6.18B,1.35%
1/26/2015,5260.02,5302.64,5309.52,5208.42,4.77B,-1.20%
1/27/2015,5277.15,5254.46,5277.15,5243.75,4.03B,0.33%
1/28/2015,5268.85,5272.22,5279.91,5263.55,4.52B,-0.16%
1/29/2015,5262.72,5263.53,5266.99,5253.45,3.94B,-0.12%
1/30/2015,5289.40,5290.39,5298.46,5281.58,3.95B,0.51%
2/2/2015,5276.24,5277.15,5291.41,5257.21,3.37B,-0.25%
2/3/2015,5291.72,5287.62,5310.11,5282.06,4.53B,0.29%
2/4/2015,5315.28,5315.45,5348.84,5298.12,5.36B,0.45%
2/5/2015,5279.90,5309.13,5314.29,5254.04,4.04B,-0.67%
2/6/2015,5342.52,5297.35,5342.52,5296.60,4.73B,1.19%
2/9/2015,5348.47,5341.76,5375.09,5333.23,4.17B,0.11%
2/10/2015,5321.47,5353.81,5362.57,5310.08,4.36B,-0.50%
2/11/2015,5336.52,5336.66,5345.08,5327.89,4.70B,0.28%
2/12/2015,5343.41,5342.06,5346.14,5320.24,4.27B,0.13%
2/13/2015,5374.16,5363.98,5380.84,5352.95,3.68B,0.58%
2/16/2015,5325.49,5377.97,5384.02,5320.40,3.53B,-0.91%
2/17/2015,5337.50,5325.68,5342.93,5319.47,3.47B,0.23%
2/18/2015,5390.45,5372.75,5415.38,5372.75,5.17B,0.99%
2/20/2015,5400.10,5399.43,5427.31,5398.35,4.21B,0.18%
2/23/2015,5403.28,5409.94,5418.59,5387.38,3.95B,0.06%
2/24/2015,5417.31,5399.66,5422.44,5397.78,4.18B,0.26%
2/25/2015,5445.11,5426.23,5448.69,5425.90,4.95B,0.51%
2/26/2015,5451.42,5429.48,5459.07,5429.48,4.25B,0.12%
2/27/2015,5450.29,5455.23,5464.22,5441.14,4.44B,-0.02%
3/2/2015,5477.83,5452.83,5477.83,5451.57,4.28B,0.51%
3/3/2015,5474.62,5479.62,5499.77,5472.57,4.32B,-0.06%
3/4/2015,5448.06,5477.82,5484.86,5435.44,3.97B,-0.49%
3/5/2015,5450.95,5457.90,5476.63,5450.95,4.14B,0.05%
3/6/2015,5514.79,5467.15,5514.79,5460.89,4.38B,1.17%
3/9/2015,5444.63,5483.86,5485.00,5424.95,4.20B,-1.27%
3/10/2015,5462.93,5437.13,5471.28,5407.57,4.82B,0.34%
3/11/2015,5419.57,5438.33,5439.26,5405.94,5.38B,-0.79%
3/12/2015,5439.83,5418.19,5449.60,5417.60,4.52B,0.37%
3/13/2015,5426.47,5457.94,5462.59,5420.80,4.23B,-0.25%
3/16/2015,5435.27,5415.47,5449.94,5415.47,3.65B,0.16%
3/17/2015,5439.15,5452.83,5464.02,5431.80,5.06B,0.07%
3/18/2015,5413.15,5425.81,5435.04,5412.96,4.30B,-0.48%
3/19/2015,5453.85,5445.07,5461.30,5444.10,4.88B,0.75%
3/20/2015,5443.06,5433.15,5453.69,5423.28,5.33B,-0.20%
3/23/2015,5437.10,5455.88,5467.94,5437.10,5.55B,-0.11%
3/24/2015,5447.65,5440.59,5457.95,5434.46,4.00B,0.19%
3/25/2015,5405.49,5437.74,5440.45,5396.41,5.17B,-0.77%
3/26/2015,5368.80,5381.02,5413.29,5368.67,4.82B,-0.68%
3/27/2015,5396.85,5352.74,5397.84,5350.47,3.36B,0.52%
3/30/2015,5438.66,5415.28,5459.75,5411.97,4.69B,0.77%
3/31/2015,5518.68,5490.98,5518.68,5484.05,4.75B,1.47%
4/1/2015,5466.87,5516.80,5524.04,5454.53,4.57B,-0.94%
4/2/2015,5456.40,5480.16,5489.64,5436.95,4.81B,-0.19%
4/6/2015,5480.03,5467.70,5489.60,5465.61,3.62B,0.43%
4/7/2015,5523.29,5502.32,5523.29,5493.84,4.78B,0.79%
4/8/2015,5486.58,5513.98,5518.80,5476.89,4.31B,-0.66%
4/9/2015,5500.90,5494.55,5500.90,5478.51,4.26B,0.26%
4/10/2015,5491.34,5504.24,5509.00,5471.40,4.53B,-0.17%
4/13/2015,5447.41,5479.73,5486.88,5430.92,3.93B,-0.80%
4/14/2015,5419.11,5438.53,5448.45,5397.73,4.09B,-0.52%
4/15/2015,5414.55,5426.23,5430.07,5394.31,4.15B,-0.08%
4/16/2015,5420.73,5420.89,5428.22,5401.68,5.43B,0.11%
4/17/2015,5410.64,5418.01,5428.93,5410.64,3.83B,-0.19%
4/20/2015,5400.80,5406.76,5407.06,5383.25,4.08B,-0.18%
4/21/2015,5460.57,5406.62,5460.57,5405.00,4.51B,1.11%
4/22/2015,5437.12,5452.46,5458.20,5426.20,4.34B,-0.43%
4/23/2015,5436.21,5441.71,5464.34,5430.28,4.12B,-0.02%
4/24/2015,5435.35,5451.78,5464.34,5424.76,3.22B,-0.02%
4/27/2015,5245.45,5398.56,5403.59,5224.03,5.10B,-3.49%
4/28/2015,5242.16,5211.14,5242.16,5164.74,3.72B,-0.06%
4/29/2015,5105.56,5229.56,5237.21,5015.01,4.86B,-2.61%
4/30/2015,5086.43,5087.93,5141.50,5030.26,3.99B,-0.37%
5/4/2015,5141.14,5093.33,5171.09,5089.42,3.85B,1.08%
5/5/2015,5160.31,5153.76,5202.08,5130.64,4.00B,0.37%
5/6/2015,5184.95,5133.74,5184.95,5121.15,3.26B,0.48%
5/7/2015,5150.49,5155.33,5183.49,5137.82,4.98B,-0.66%
5/8/2015,5182.21,5175.78,5200.52,5175.75,4.57B,0.62%
5/11/2015,5172.48,5200.81,5215.28,5172.48,3.80B,-0.19%
5/12/2015,5205.61,5175.95,5217.11,5173.53,4.30B,0.64%
5/13/2015,5246.13,5217.15,5254.86,5199.21,4.85B,0.78%
5/15/2015,5227.10,5252.43,5264.93,5214.08,4.06B,-0.36%
5/18/2015,5237.81,5222.44,5239.87,5218.35,4.02B,0.20%
5/19/2015,5269.37,5236.90,5273.49,5219.57,3.61B,0.60%
5/20/2015,5292.75,5288.21,5312.90,5278.10,4.00B,0.44%
5/21/2015,5313.21,5309.99,5335.44,5275.99,4.14B,0.39%
5/22/2015,5315.15,5319.97,5329.02,5298.86,3.29B,0.04%
5/25/2015,5288.36,5309.83,5311.29,5285.42,3.32B,-0.50%
5/26/2015,5320.90,5285.07,5347.13,5284.11,3.89B,0.62%
5/27/2015,5253.39,5296.24,5315.50,5253.39,3.75B,-1.27%
5/28/2015,5237.40,5263.31,5278.42,5232.93,3.42B,-0.30%
5/29/2015,5216.38,5230.31,5252.20,5214.57,6.05B,-0.40%
6/1/2015,5213.82,5212.13,5215.55,5183.32,3.09B,-0.05%
6/3/2015,5130.50,5201.36,5205.56,5129.49,3.48B,-1.60%
6/4/2015,5095.82,5121.55,5143.22,5094.52,3.34B,-0.68%
6/5/2015,5100.57,5081.61,5100.57,5075.18,2.91B,0.09%
6/8/2015,5014.99,5086.35,5088.93,5006.43,3.58B,-1.68%
6/9/2015,4899.88,5002.23,5002.55,4852.76,4.09B,-2.30%
6/10/2015,4933.56,4914.74,4974.02,4912.83,4.52B,0.69%
6/11/2015,4928.81,4971.19,4979.26,4911.34,3.32B,-0.10%
6/12/2015,4935.82,4933.88,4947.50,4916.02,3.36B,0.14%
6/15/2015,4837.79,4925.22,4926.55,4837.79,3.15B,-1.99%
6/16/2015,4872.60,4847.39,4892.51,4826.13,3.50B,0.72%
6/17/2015,4945.75,4894.64,4955.56,4894.64,3.88B,1.50%
6/18/2015,4945.50,4947.96,4964.40,4932.92,3.02B,-0.01%
6/19/2015,4985.01,4958.86,4988.58,4958.86,2.59B,0.80%
6/22/2015,4959.25,4992.04,4992.04,4957.35,2.46B,-0.52%
6/23/2015,4937.65,4966.88,4972.18,4937.65,2.99B,-0.44%
6/24/2015,4953.52,4953.25,4973.48,4938.13,3.90B,0.32%
6/25/2015,4920.04,4944.13,4945.84,4920.04,3.17B,-0.68%
6/26/2015,4923.01,4917.03,4942.32,4897.90,2.63B,0.06%
6/29/2015,4882.58,4896.23,4896.59,4858.42,2.69B,-0.82%
6/30/2015,4910.66,4887.37,4930.25,4874.07,2.89B,0.58%
7/1/2015,4904.06,4924.07,4932.43,4904.06,3.43B,-0.13%
7/2/2015,4944.78,4914.43,4966.58,4914.43,4.20B,0.83%
7/3/2015,4982.91,4940.28,4982.91,4937.41,3.86B,0.77%
7/6/2015,4916.74,4946.10,4960.99,4913.29,3.29B,-1.33%
7/7/2015,4906.05,4918.28,4927.55,4891.05,3.44B,-0.22%
7/8/2015,4871.57,4912.64,4912.64,4856.44,4.39B,-0.70%
7/9/2015,4838.28,4849.80,4855.13,4811.90,3.49B,-0.68%
7/10/2015,4859.03,4858.98,4882.64,4845.78,3.85B,0.43%
7/13/2015,4893.92,4862.91,4898.14,4861.31,2.55B,0.72%
7/14/2015,4901.81,4907.87,4927.37,4892.12,3.10B,0.16%
7/15/2015,4869.85,4894.95,4897.86,4854.45,2.68B,-0.65%
7/22/2015,4906.69,4887.74,4906.69,4859.46,2.91B,0.76%
7/23/2015,4902.85,4897.20,4913.04,4889.83,3.21B,-0.08%
7/24/2015,4856.60,4890.78,4892.41,4848.73,2.59B,-0.94%
7/27/2015,4771.28,4833.15,4848.70,4771.28,3.48B,-1.76%
7/28/2015,4714.76,4747.35,4749.75,4711.49,3.20B,-1.18%
7/29/2015,4721.12,4733.82,4765.73,4720.40,3.20B,0.13%
7/30/2015,4712.49,4740.25,4754.72,4711.56,3.21B,-0.18%
7/31/2015,4802.53,4721.66,4802.53,4721.47,3.35B,1.91%
8/3/2015,4800.18,4778.04,4815.52,4774.78,2.85B,-0.05%
8/4/2015,4781.09,4784.15,4805.82,4771.89,3.24B,-0.40%
8/5/2015,4850.53,4786.39,4850.53,4780.97,3.83B,1.45%
8/6/2015,4806.56,4855.94,4868.07,4806.56,3.16B,-0.91%
8/7/2015,4770.30,4801.65,4804.33,4760.90,2.99B,-0.75%
8/10/2015,4748.95,4761.41,4764.74,4720.91,3.01B,-0.45%
8/11/2015,4622.59,4763.63,4771.72,4619.29,4.26B,-2.66%
8/12/2015,4479.49,4572.05,4572.05,4455.72,3.83B,-3.10%
8/13/2015,4584.25,4481.27,4600.55,4481.27,3.91B,2.34%
8/14/2015,4585.39,4587.51,4594.57,4559.86,3.30B,0.02%
8/18/2015,4510.48,4572.35,4579.08,4505.21,3.18B,-1.63%
8/19/2015,4484.24,4502.19,4529.25,4476.13,2.82B,-0.58%
8/20/2015,4441.91,4470.55,4473.08,4427.86,3.31B,-0.94%
8/21/2015,4335.95,4401.67,4401.67,4335.95,3.45B,-2.39%
8/24/2015,4163.73,4241.31,4241.91,4111.11,3.96B,-3.97%
8/25/2015,4228.50,4182.22,4301.77,4182.02,4.64B,1.56%
8/26/2015,4237.73,4200.82,4237.73,4161.21,3.68B,0.22%
8/27/2015,4430.63,4295.70,4433.46,4295.70,4.69B,4.55%
8/28/2015,4446.20,4480.11,4511.25,4433.66,4.31B,0.35%
8/31/2015,4509.61,4447.00,4509.61,4442.69,3.42B,1.43%
9/1/2015,4412.46,4484.20,4484.79,4411.13,3.05B,-2.15%
9/2/2015,4401.29,4367.81,4417.37,4350.48,3.67B,-0.25%
9/3/2015,4433.11,4427.95,4445.81,4404.88,3.25B,0.72%
9/4/2015,4415.34,4422.47,4433.55,4407.14,2.92B,-0.40%
9/7/2015,4301.36,4397.22,4398.01,4297.82,2.95B,-2.58%
9/8/2015,4318.59,4282.17,4325.43,4269.48,3.39B,0.40%
9/9/2015,4347.28,4347.48,4366.24,4323.56,3.77B,0.66%
9/10/2015,4343.26,4312.66,4343.66,4290.68,3.53B,-0.09%
9/11/2015,4360.47,4363.45,4381.65,4360.36,3.31B,0.40%
9/14/2015,4390.37,4378.19,4390.37,4365.57,2.50B,0.69%
9/15/2015,4347.16,4372.87,4376.78,4334.61,3.44B,-0.98%
9/16/2015,4332.51,4360.19,4370.35,4325.40,3.74B,-0.34%
9/17/2015,4378.39,4346.06,4389.36,4341.82,3.21B,1.06%
9/18/2015,4380.32,4383.07,4414.46,4359.01,4.39B,0.04%
9/21/2015,4376.08,4352.37,4382.24,4343.41,2.87B,-0.10%
9/22/2015,4344.04,4380.62,4389.31,4337.09,3.29B,-0.73%
9/23/2015,4244.43,4308.76,4308.98,4239.14,3.53B,-2.29%
9/25/2015,4209.44,4250.73,4251.23,4194.14,3.41B,-0.82%
9/28/2015,4120.50,4197.94,4199.46,4120.50,2.93B,-2.11%
9/29/2015,4178.41,4070.58,4178.41,4033.59,3.89B,1.41%
9/30/2015,4223.91,4189.47,4223.91,4168.22,3.80B,1.09%
10/1/2015,4254.88,4231.41,4270.91,4228.98,3.30B,0.73%
10/2/2015,4207.80,4243.97,4252.67,4207.80,3.64B,-1.11%
10/5/2015,4343.70,4243.33,4346.37,4241.02,3.80B,3.23%
10/6/2015,4445.78,4381.27,4464.90,4381.27,4.88B,2.35%
10/7/2015,4487.13,4458.84,4487.13,4414.83,5.00B,0.93%
10/8/2015,4491.43,4502.10,4537.25,4484.68,4.14B,0.10%
10/9/2015,4589.34,4538.50,4612.09,4538.50,6.87B,2.18%
10/12/2015,4630.71,4596.88,4639.94,4595.94,6.80B,0.90%
10/13/2015,4483.08,4621.89,4622.11,4483.08,5.06B,-3.19%
10/15/2015,4507.19,4513.27,4551.94,4507.19,3.77B,0.54%
10/16/2015,4521.88,4530.28,4544.82,4501.06,3.88B,0.33%
10/19/2015,4569.84,4534.71,4571.17,4533.94,4.59B,1.06%
10/20/2015,4585.82,4566.84,4608.35,4562.02,4.72B,0.35%
10/21/2015,4605.23,4597.19,4645.24,4591.23,4.40B,0.42%
10/22/2015,4584.56,4613.77,4616.22,4582.15,4.04B,-0.45%
10/23/2015,4653.15,4653.22,4666.91,4627.30,4.41B,1.50%
10/26/2015,4691.71,4683.11,4696.16,4675.06,3.86B,0.83%
10/27/2015,4674.06,4666.48,4674.06,4624.28,3.09B,-0.38%
10/28/2015,4608.74,4647.39,4657.41,4594.74,4.19B,-1.40%
10/29/2015,4472.02,4601.56,4605.76,4472.02,3.95B,-2.97%
10/30/2015,4455.18,4462.97,4480.60,4441.34,3.47B,-0.38%
11/2/2015,4464.96,4442.42,4470.42,4422.26,2.87B,0.22%
11/3/2015,4533.09,4496.66,4546.38,4496.66,3.42B,1.53%
11/4/2015,4612.56,4560.73,4612.56,4560.38,3.48B,1.75%
11/5/2015,4577.23,4600.64,4614.26,4574.13,2.50B,-0.77%
11/6/2015,4566.55,4586.59,4601.76,4563.70,2.36B,-0.23%
11/9/2015,4499.51,4553.42,4555.57,4491.04,2.45B,-1.47%
11/10/2015,4451.05,4464.13,4518.79,4451.05,4.03B,-1.08%
11/11/2015,4451.59,4450.22,4463.31,4425.88,2.93B,0.01%
11/12/2015,4462.23,4458.65,4494.85,4457.56,2.73B,0.24%
11/13/2015,4472.84,4442.02,4490.34,4435.25,2.81B,0.24%
11/16/2015,4442.18,4438.69,4452.26,4395.97,2.34B,-0.69%
11/17/2015,4500.95,4474.52,4520.70,4474.52,2.76B,1.32%
11/18/2015,4497.91,4513.70,4521.56,4497.91,2.19B,-0.07%
11/19/2015,4518.94,4517.58,4530.90,4513.35,2.93B,0.47%
11/20/2015,4561.33,4505.90,4561.33,4505.37,3.24B,0.94%
11/23/2015,4541.07,4570.16,4590.31,4541.07,2.61B,-0.44%
11/24/2015,4545.38,4535.70,4555.27,4534.58,2.42B,0.09%
11/25/2015,4585.55,4557.47,4585.55,4557.39,2.54B,0.88%
11/26/2015,4597.06,4595.86,4621.26,4583.30,2.71B,0.25%
11/27/2015,4560.56,4599.08,4606.80,4541.97,2.32B,-0.79%
11/30/2015,4446.46,4527.41,4535.97,4446.46,4.30B,-2.50%
12/1/2015,4557.67,4504.22,4557.67,4504.22,2.58B,2.50%
12/2/2015,4545.86,4559.15,4568.41,4541.67,2.47B,-0.26%
12/3/2015,4537.38,4526.49,4548.83,4518.82,2.18B,-0.19%
12/4/2015,4508.45,4513.57,4531.31,4501.45,2.39B,-0.64%
12/7/2015,4521.39,4523.91,4553.65,4521.39,2.21B,0.29%
12/8/2015,4464.18,4495.26,4522.35,4464.18,2.55B,-1.27%
12/10/2015,4466.21,4441.57,4473.77,4438.20,2.45B,0.05%
12/11/2015,4393.52,4471.36,4473.05,4393.52,2.03B,-1.63%
12/14/2015,4374.19,4360.89,4374.19,4330.76,2.21B,-0.44%
12/15/2015,4409.17,4370.10,4409.17,4370.01,2.31B,0.80%
12/16/2015,4483.45,4450.72,4483.45,4429.79,2.71B,1.68%
12/17/2015,4555.96,4542.12,4555.96,4525.74,2.92B,1.62%
12/18/2015,4468.65,4512.21,4514.53,4467.06,2.67B,-1.92%
12/21/2015,4490.68,4452.65,4490.68,4452.02,2.16B,0.49%
12/22/2015,4517.57,4494.31,4517.57,4487.73,2.60B,0.60%
12/23/2015,4522.65,4514.46,4522.65,4498.98,2.39B,0.11%
12/28/2015,4557.35,4512.30,4568.12,4511.62,2.05B,0.77%
12/29/2015,4569.36,4552.14,4569.36,4552.10,2.01B,0.26%
12/30/2015,4593.01,4574.06,4595.51,4571.76,2.75B,0.52%
1/4/2016,4525.92,4580.16,4603.82,4525.92,2.13B,-1.46%
1/5/2016,4557.82,4527.43,4594.34,4527.00,2.44B,0.70%
1/6/2016,4608.98,4563.65,4639.24,4562.57,3.00B,1.12%
1/7/2016,4530.45,4573.69,4577.64,4530.45,2.40B,-1.70%
1/8/2016,4546.29,4524.86,4550.91,4507.41,2.40B,0.35%
1/11/2016,4465.48,4515.50,4517.94,4459.79,2.00B,-1.78%
1/12/2016,4512.53,4487.55,4526.20,4486.65,2.37B,1.05%
1/13/2016,4537.18,4535.88,4559.51,4533.68,2.67B,0.55%
1/14/2016,4513.18,4492.78,4526.51,4456.47,3.63B,-0.53%
1/15/2016,4523.98,4518.98,4542.10,4516.13,2.32B,0.24%
1/18/2016,4481.28,4491.32,4503.86,4471.24,2.11B,-0.94%
1/19/2016,4491.74,4486.59,4499.57,4464.73,2.30B,0.23%
1/20/2016,4427.98,4477.15,4491.12,4427.98,2.64B,-1.42%
1/21/2016,4414.13,4447.75,4463.03,4408.80,2.43B,-0.31%
1/22/2016,4456.74,4446.42,4456.74,4421.06,2.76B,0.97%
1/25/2016,4505.79,4483.61,4519.60,4465.21,2.82B,1.10%
1/26/2016,4510.47,4489.69,4517.37,4483.29,2.30B,0.10%
1/27/2016,4583.63,4526.22,4583.63,4526.22,3.66B,1.62%
1/28/2016,4602.83,4582.72,4608.40,4579.50,3.17B,0.42%
1/29/2016,4615.16,4611.94,4618.82,4568.44,3.59B,0.27%
2/1/2016,4624.64,4620.15,4625.43,4559.89,2.68B,0.21%
2/2/2016,4587.44,4598.94,4617.97,4586.30,3.06B,-0.80%
2/3/2016,4596.11,4553.13,4596.11,4545.14,2.36B,0.19%
2/4/2016,4665.82,4607.04,4669.11,4607.04,3.25B,1.52%
2/5/2016,4798.95,4674.61,4798.95,4673.99,3.76B,2.85%
2/9/2016,4768.62,4773.77,4779.81,4736.57,2.30B,-0.63%
2/10/2016,4732.48,4748.54,4782.94,4726.01,2.89B,-0.76%
2/11/2016,4775.86,4723.99,4786.18,4723.99,3.70B,0.92%
2/12/2016,4714.39,4757.71,4771.34,4710.54,2.69B,-1.29%
2/15/2016,4740.73,4749.78,4761.70,4729.82,3.29B,0.56%
2/16/2016,4745.00,4745.99,4770.01,4726.59,3.72B,0.09%
2/17/2016,4765.51,4738.42,4774.46,4737.42,4.31B,0.43%
2/18/2016,4778.79,4784.04,4803.61,4760.24,4.73B,0.28%
2/19/2016,4697.56,4744.24,4759.18,4680.14,3.40B,-1.70%
2/22/2016,4708.62,4701.41,4715.62,4682.38,2.69B,0.24%
2/23/2016,4654.05,4715.20,4722.38,4628.91,3.53B,-1.16%
2/24/2016,4657.72,4643.82,4673.82,4627.64,2.69B,0.08%
2/25/2016,4658.32,4681.99,4686.56,4652.86,3.18B,0.01%
2/26/2016,4733.15,4695.82,4736.53,4691.43,2.78B,1.61%
2/29/2016,4770.96,4738.29,4774.52,4722.99,2.63B,0.80%
3/1/2016,4779.98,4760.24,4781.26,4758.88,3.20B,0.19%
3/2/2016,4836.20,4808.86,4840.75,4808.25,3.46B,1.18%
3/3/2016,4844.04,4848.91,4868.26,4812.86,3.89B,0.16%
3/4/2016,4850.88,4844.49,4860.64,4802.38,4.51B,0.14%
3/7/2016,4831.57,4860.21,4870.28,4821.46,4.56B,-0.40%
3/8/2016,4811.04,4831.05,4842.67,4776.07,4.05B,-0.42%
3/10/2016,4793.20,4791.68,4798.38,4761.38,3.32B,-0.37%
3/11/2016,4813.78,4784.24,4813.78,4777.00,3.15B,0.43%
3/14/2016,4877.53,4839.03,4878.20,4835.27,4.46B,1.32%
3/15/2016,4849.78,4880.88,4884.27,4843.92,4.45B,-0.57%
3/16/2016,4861.44,4848.61,4861.44,4837.58,4.23B,0.24%
3/17/2016,4885.69,4883.17,4900.41,4869.81,4.98B,0.50%
3/18/2016,4885.71,4889.90,4908.26,4858.59,5.11B,0.00%
3/21/2016,4885.16,4871.25,4905.31,4865.24,3.76B,-0.01%
3/22/2016,4856.11,4870.90,4886.42,4833.70,3.61B,-0.59%
3/23/2016,4854.18,4850.17,4854.18,4822.34,4.28B,-0.04%
3/24/2016,4827.09,4836.62,4849.90,4817.72,3.46B,-0.56%
3/28/2016,4773.63,4809.19,4813.92,4757.80,2.92B,-1.11%
3/29/2016,4781.30,4767.53,4786.21,4760.08,3.31B,0.16%
3/30/2016,4816.65,4797.15,4833.12,4792.26,3.82B,0.74%
3/31/2016,4845.37,4827.10,4845.37,4808.26,5.09B,0.60%
4/1/2016,4843.19,4843.39,4844.36,4819.93,3.09B,-0.04%
4/4/2016,4850.18,4840.15,4864.94,4838.98,3.70B,0.14%
4/5/2016,4858.07,4848.85,4883.68,4843.16,3.39B,0.16%
4/6/2016,4868.23,4863.06,4879.00,4861.58,4.75B,0.21%
4/7/2016,4867.28,4884.84,4900.47,4858.50,4.93B,-0.02%
4/8/2016,4846.70,4839.65,4862.81,4829.44,4.23B,-0.42%
4/11/2016,4786.97,4833.35,4843.63,4766.81,3.32B,-1.23%
4/12/2016,4829.57,4788.42,4829.57,4776.98,3.73B,0.89%
4/13/2016,4853.01,4846.98,4856.59,4831.57,6.74B,0.49%
4/14/2016,4814.85,4872.23,4873.43,4814.85,4.46B,-0.79%
4/15/2016,4823.57,4834.90,4839.02,4793.14,3.61B,0.18%
4/18/2016,4865.53,4812.58,4865.53,4800.26,3.14B,0.87%
4/19/2016,4881.93,4875.50,4886.50,4864.89,4.45B,0.34%
4/20/2016,4876.60,4876.25,4883.14,4857.72,4.41B,-0.11%
4/21/2016,4903.09,4884.92,4906.83,4884.84,3.81B,0.54%
4/22/2016,4914.74,4898.73,4917.59,4883.88,3.93B,0.24%
4/25/2016,4878.86,4920.40,4920.40,4863.34,4.23B,-0.73%
4/26/2016,4814.09,4866.15,4866.39,4788.38,3.81B,-1.33%
4/27/2016,4845.66,4807.69,4845.66,4803.21,4.70B,0.66%
4/28/2016,4848.39,4861.95,4877.17,4830.69,4.76B,0.06%
4/29/2016,4838.58,4839.37,4839.62,4818.85,3.73B,-0.20%
5/2/2016,4808.32,4828.96,4835.52,4770.56,3.12B,-0.63%
5/3/2016,4812.26,4818.97,4833.99,4806.03,3.53B,0.08%
5/4/2016,4822.60,4808.65,4822.60,4765.41,3.72B,0.21%
5/9/2016,4749.31,4808.52,4812.89,4745.50,3.27B,-1.52%
5/10/2016,4763.11,4749.52,4766.71,4728.54,3.17B,0.29%
5/11/2016,4799.96,4781.14,4811.60,4770.37,2.73B,0.77%
5/12/2016,4803.32,4795.74,4825.18,4792.21,3.06B,0.07%
5/13/2016,4761.72,4801.19,4803.00,4745.91,3.43B,-0.87%
5/16/2016,4731.56,4745.47,4748.82,4720.24,2.95B,-0.63%
5/17/2016,4729.16,4737.17,4745.15,4717.26,3.45B,-0.05%
5/18/2016,4734.36,4721.90,4743.07,4713.72,3.69B,0.11%
5/19/2016,4704.22,4733.47,4739.32,4691.57,3.06B,-0.64%
5/20/2016,4711.88,4698.97,4722.28,4690.56,2.99B,0.16%
5/23/2016,4743.66,4714.68,4743.66,4714.68,2.77B,0.67%
5/24/2016,4710.78,4738.16,4750.36,4710.78,3.35B,-0.69%
5/25/2016,4772.98,4733.89,4772.98,4733.55,3.69B,1.32%
5/26/2016,4784.56,4777.57,4784.66,4761.46,3.06B,0.24%
5/27/2016,4814.73,4782.45,4814.73,4778.54,3.21B,0.63%
5/30/2016,4836.03,4819.05,4845.12,4817.07,3.68B,0.44%
5/31/2016,4796.87,4833.72,4836.37,4792.20,4.24B,-0.81%
6/1/2016,4839.67,4801.85,4851.74,4800.71,2.74B,0.89%
6/2/2016,4833.23,4836.51,4860.86,4833.23,2.82B,-0.13%
6/3/2016,4853.92,4845.42,4861.30,4839.08,2.69B,0.43%
6/6/2016,4896.02,4862.57,4896.02,4860.63,3.17B,0.87%
6/7/2016,4933.99,4908.24,4933.99,4907.51,4.22B,0.78%
6/8/2016,4916.06,4928.09,4940.10,4892.63,3.71B,-0.36%
6/9/2016,4876.79,4913.01,4919.16,4876.79,4.33B,-0.80%
6/10/2016,4848.06,4882.27,4887.59,4848.06,7.74B,-0.59%
6/13/2016,4807.23,4838.02,4838.02,4807.23,6.74B,-0.84%
6/14/2016,4821.59,4797.62,4833.40,4792.53,6.20B,0.30%
6/15/2016,4814.82,4811.23,4814.82,4789.09,5.37B,-0.14%
6/16/2016,4814.39,4819.23,4829.45,4801.87,3.99B,-0.01%
6/17/2016,4835.14,4825.73,4838.03,4806.60,4.25B,0.43%
6/20/2016,4863.53,4849.69,4863.53,4828.59,4.39B,0.59%
6/21/2016,4878.71,4873.44,4889.45,4868.23,5.15B,0.31%
6/22/2016,4896.85,4876.87,4899.20,4876.87,5.72B,0.37%
6/23/2016,4874.31,4896.80,4899.50,4856.05,5.35B,-0.46%
6/24/2016,4834.57,4878.05,4884.80,4754.36,5.72B,-0.82%
6/27/2016,4836.05,4804.05,4846.42,4795.96,3.87B,0.03%
6/28/2016,4882.17,4836.13,4890.60,4835.43,4.78B,0.95%
6/29/2016,4980.10,4905.98,4980.10,4905.98,4.10B,2.01%
6/30/2016,5016.65,4999.88,5033.24,4996.40,5.50B,0.73%
7/1/2016,4971.58,5027.62,5039.69,4971.58,4.05B,-0.90%
7/11/2016,5069.02,5021.24,5080.30,5018.40,4.29B,1.96%
7/12/2016,5099.53,5092.16,5120.13,5075.56,5.83B,0.60%
7/13/2016,5133.93,5112.99,5133.93,5090.59,5.88B,0.67%
7/14/2016,5083.54,5125.69,5131.03,5081.03,5.26B,-0.98%
7/15/2016,5110.18,5090.25,5130.34,5090.25,4.99B,0.52%
7/18/2016,5127.50,5107.92,5131.70,5093.15,4.92B,0.34%
7/19/2016,5172.83,5132.90,5193.90,5132.90,5.22B,0.88%
7/20/2016,5242.82,5185.59,5242.82,5185.59,5.11B,1.35%
7/21/2016,5216.97,5246.30,5268.87,5213.99,6.32B,-0.49%
7/22/2016,5197.25,5215.17,5215.53,5179.62,4.06B,-0.38%
7/25/2016,5220.80,5201.45,5227.11,5197.81,3.75B,0.45%
7/26/2016,5224.40,5218.27,5231.50,5200.62,5.06B,0.07%
7/27/2016,5274.36,5245.40,5301.93,5245.40,4.93B,0.96%
7/28/2016,5299.21,5278.50,5299.21,5255.47,5.57B,0.47%
7/29/2016,5215.99,5300.90,5334.12,5215.99,6.86B,-1.57%
8/1/2016,5361.58,5280.21,5368.25,5279.59,6.23B,2.79%
8/2/2016,5373.32,5356.91,5386.56,5356.43,6.32B,0.22%
8/3/2016,5351.88,5367.58,5383.50,5331.33,5.98B,-0.40%
8/4/2016,5373.86,5365.01,5389.61,5357.61,5.63B,0.41%
8/5/2016,5420.25,5380.11,5427.52,5377.42,5.79B,0.86%
8/8/2016,5458.98,5435.21,5458.98,5427.27,6.13B,0.71%
8/9/2016,5440.29,5459.89,5476.22,5428.68,6.98B,-0.34%
8/10/2016,5423.95,5439.76,5457.12,5405.89,8.80B,-0.30%
8/11/2016,5419.09,5438.09,5455.80,5397.31,8.85B,-0.09%
8/12/2016,5377.20,5432.83,5449.06,5366.34,4.64B,-0.77%
8/15/2016,5320.56,5390.02,5396.95,5296.59,5.69B,-1.05%
8/16/2016,5371.85,5341.93,5377.42,5338.64,4.34B,0.96%
8/18/2016,5461.45,5387.77,5461.45,5386.12,5.19B,1.67%
8/19/2016,5416.03,5468.01,5470.98,5416.03,4.61B,-0.83%
8/22/2016,5427.18,5425.90,5435.19,5398.80,6.47B,0.21%
8/23/2016,5417.14,5434.03,5438.50,5351.07,5.92B,-0.18%
8/24/2016,5403.99,5406.81,5418.45,5385.24,5.57B,-0.24%
8/25/2016,5454.12,5413.99,5454.12,5412.53,4.80B,0.93%
8/26/2016,5438.83,5454.07,5456.64,5419.74,6.31B,-0.28%
8/29/2016,5370.76,5425.15,5426.22,5348.05,5.42B,-1.25%
8/30/2016,5362.32,5368.57,5388.64,5336.71,5.65B,-0.16%
8/31/2016,5386.08,5355.12,5399.16,5353.29,4.95B,0.44%
9/1/2016,5334.55,5368.52,5376.64,5320.08,4.72B,-0.96%
9/2/2016,5353.46,5323.57,5359.91,5323.04,4.66B,0.35%
9/5/2016,5356.95,5378.62,5396.92,5347.59,4.94B,0.07%
9/6/2016,5372.10,5363.05,5373.21,5342.56,4.12B,0.28%
9/7/2016,5381.35,5382.22,5393.09,5357.52,3.72B,0.17%
9/8/2016,5371.08,5383.06,5383.54,5364.61,4.14B,-0.19%
9/9/2016,5281.92,5355.34,5358.51,5281.92,4.33B,-1.66%
9/13/2016,5215.57,5266.11,5268.54,5211.87,4.38B,-1.26%
9/14/2016,5146.04,5188.40,5189.36,5128.17,5.08B,-1.33%
9/15/2016,5265.82,5160.75,5270.49,5158.73,4.59B,2.33%
9/16/2016,5267.77,5287.42,5305.09,5252.26,4.74B,0.04%
9/19/2016,5321.84,5289.12,5331.97,5286.14,3.36B,1.03%
9/20/2016,5302.49,5323.30,5336.25,5298.28,5.41B,-0.36%
9/21/2016,5342.59,5295.88,5348.00,5275.19,4.65B,0.76%
9/22/2016,5380.26,5382.32,5411.61,5368.56,4.74B,0.71%
9/23/2016,5388.91,5375.71,5388.91,5355.93,4.39B,0.16%
9/26/2016,5352.14,5375.16,5375.88,5337.02,3.77B,-0.68%
9/27/2016,5419.60,5336.55,5419.60,5295.66,5.10B,1.26%
9/28/2016,5425.34,5390.76,5432.98,5382.24,6.72B,0.11%
9/29/2016,5431.96,5442.82,5474.31,5431.96,6.94B,0.12%
9/30/2016,5364.80,5412.38,5437.97,5364.80,5.36B,-1.24%
10/3/2016,5463.91,5403.86,5463.91,5403.86,5.39B,1.85%
10/4/2016,5472.32,5475.63,5482.84,5460.71,5.37B,0.15%
10/5/2016,5420.65,5458.00,5460.16,5399.22,6.50B,-0.94%
10/6/2016,5409.34,5428.45,5447.26,5390.09,7.18B,-0.21%
10/7/2016,5377.15,5403.84,5409.20,5363.47,5.94B,-0.60%
10/10/2016,5360.83,5371.00,5397.15,5352.82,6.48B,-0.30%
10/11/2016,5382.00,5372.69,5385.76,5345.07,8.49B,0.39%
10/12/2016,5364.61,5364.35,5380.56,5350.39,5.55B,-0.32%
10/13/2016,5340.40,5368.22,5384.56,5339.48,5.26B,-0.45%
10/14/2016,5399.89,5338.70,5408.77,5332.08,5.54B,1.11%
10/17/2016,5410.30,5390.96,5422.35,5386.22,6.15B,0.19%
10/18/2016,5430.05,5424.67,5446.83,5422.92,6.27B,0.37%
10/19/2016,5409.29,5436.28,5445.80,5402.15,11.67B,-0.38%
10/20/2016,5403.69,5409.79,5423.29,5395.30,20.13B,-0.10%
10/21/2016,5409.24,5407.23,5416.95,5395.42,7.91B,0.10%
10/24/2016,5421.00,5415.48,5433.34,5411.88,8.11B,0.22%
10/25/2016,5397.82,5426.11,5436.20,5397.82,8.50B,-0.43%
10/26/2016,5399.68,5387.70,5406.58,5381.70,19.88B,0.03%
10/27/2016,5416.84,5405.70,5427.53,5403.86,33.31B,0.32%
10/28/2016,5410.27,5414.51,5426.26,5402.43,10.93B,-0.12%
10/31/2016,5422.54,5413.57,5429.07,5406.01,13.51B,0.23%
11/1/2016,5416.01,5430.74,5439.03,5415.03,8.01B,-0.12%
11/2/2016,5405.45,5415.02,5420.36,5393.51,9.55B,-0.19%
11/3/2016,5329.50,5395.87,5402.05,5329.50,7.16B,-1.41%
11/4/2016,5362.66,5310.78,5362.66,5303.36,6.34B,0.62%
11/7/2016,5386.21,5361.02,5395.32,5341.86,8.40B,0.44%
11/8/2016,5470.68,5407.39,5476.07,5407.39,10.04B,1.57%
11/9/2016,5414.32,5478.03,5491.70,5345.13,10.72B,-1.03%
11/10/2016,5450.31,5444.04,5482.11,5443.73,8.65B,0.66%
11/11/2016,5231.97,5380.64,5380.69,5231.97,10.09B,-4.01%
11/14/2016,5115.74,5194.93,5196.78,5043.35,9.16B,-2.22%
11/15/2016,5078.50,5121.48,5169.36,5073.42,7.66B,-0.73%
11/16/2016,5185.47,5112.50,5201.17,5112.50,8.04B,2.11%
11/17/2016,5193.02,5180.48,5202.31,5162.81,7.53B,0.15%
11/18/2016,5170.11,5195.08,5196.91,5139.20,7.16B,-0.44%
11/21/2016,5148.32,5150.83,5158.76,5130.44,9.11B,-0.42%
11/22/2016,5204.67,5140.66,5204.67,5140.52,9.77B,1.09%
11/23/2016,5212.00,5192.35,5212.00,5182.35,8.68B,0.14%
11/24/2016,5107.62,5179.22,5194.24,5102.42,7.90B,-2.00%
11/25/2016,5122.10,5097.11,5129.75,5096.67,8.42B,0.28%
11/28/2016,5114.57,5111.42,5120.86,5091.61,12.12B,-0.15%
11/29/2016,5136.67,5108.75,5164.58,5108.75,12.47B,0.43%
11/30/2016,5148.91,5148.91,5182.14,5146.52,11.65B,0.24%
12/1/2016,5198.76,5168.63,5211.92,5168.07,10.94B,0.97%
12/2/2016,5245.96,5207.92,5250.29,5199.14,7.94B,0.91%
12/5/2016,5268.31,5239.90,5280.32,5239.90,7.13B,0.43%
12/6/2016,5272.97,5279.98,5288.91,5259.19,6.83B,0.09%
12/7/2016,5265.37,5272.10,5273.52,5229.80,6.22B,-0.14%
12/8/2016,5303.73,5268.24,5303.73,5263.44,6.77B,0.73%
12/9/2016,5308.13,5297.55,5308.13,5284.77,5.14B,0.08%
12/13/2016,5293.62,5296.19,5300.72,5264.74,5.55B,-0.27%
12/14/2016,5262.82,5287.19,5306.34,5259.68,5.34B,-0.58%
12/15/2016,5254.36,5230.56,5266.06,5210.63,6.63B,-0.16%
12/16/2016,5231.65,5260.13,5263.01,5231.65,6.02B,-0.43%
12/19/2016,5191.91,5224.07,5240.43,5190.93,6.19B,-0.76%
12/20/2016,5162.48,5179.18,5194.73,5142.39,7.42B,-0.57%
12/21/2016,5111.39,5179.03,5188.95,5111.39,5.58B,-0.99%
12/22/2016,5042.87,5114.40,5120.36,5032.91,5.41B,-1.34%
12/23/2016,5027.70,5036.29,5078.23,5022.85,5.31B,-0.30%
12/27/2016,5102.95,5028.36,5112.78,5028.20,5.79B,1.50%
12/28/2016,5209.44,5140.14,5213.27,5139.77,5.41B,2.09%
12/29/2016,5302.57,5205.27,5311.61,5200.27,5.59B,1.79%
12/30/2016,5296.71,5307.36,5334.79,5296.71,6.19B,-0.11%
1/3/2017,5275.97,5290.39,5292.18,5246.85,3.42B,-0.39%
1/4/2017,5301.18,5270.02,5312.96,5249.23,5.48B,0.48%
1/5/2017,5325.50,5302.63,5328.49,5302.63,7.96B,0.46%
1/6/2017,5347.02,5321.74,5350.24,5318.39,7.38B,0.40%
1/9/2017,5316.36,5350.88,5360.06,5307.59,10.00B,-0.57%
1/10/2017,5309.92,5330.02,5331.13,5292.06,7.30B,-0.12%
1/11/2017,5301.24,5316.15,5322.98,5301.24,8.73B,-0.16%
1/12/2017,5292.75,5301.04,5322.42,5292.75,10.39B,-0.16%
1/13/2017,5272.98,5299.05,5310.42,5272.98,7.25B,-0.37%
1/16/2017,5270.01,5283.62,5291.50,5270.01,7.53B,-0.06%
1/17/2017,5266.94,5266.92,5287.12,5265.60,8.96B,-0.06%
1/18/2017,5294.78,5273.29,5294.78,5273.29,11.70B,0.53%
1/19/2017,5298.95,5302.21,5309.95,5288.58,8.80B,0.08%
1/20/2017,5254.31,5290.56,5293.08,5243.75,15.78B,-0.84%
1/23/2017,5250.97,5250.64,5265.44,5228.29,15.21B,-0.06%
1/24/2017,5292.09,5267.73,5297.49,5267.73,15.17B,0.78%
1/25/2017,5293.78,5302.87,5310.67,5287.13,27.78B,0.03%
1/26/2017,5317.63,5305.11,5327.51,5291.44,19.67B,0.45%
1/27/2017,5312.84,5304.96,5321.68,5297.26,14.72B,-0.09%
1/30/2017,5302.66,5321.55,5331.52,5302.66,19.93B,-0.19%
1/31/2017,5294.10,5316.67,5321.35,5294.10,19.74B,-0.16%
2/1/2017,5327.16,5319.94,5341.48,5317.49,26.47B,0.62%
2/2/2017,5353.71,5327.02,5353.71,5326.99,17.08B,0.50%
2/3/2017,5360.77,5355.27,5366.44,5354.59,1.35B,0.13%
2/6/2017,5395.99,5369.52,5395.99,5369.44,15.81B,0.66%
2/7/2017,5381.48,5387.65,5396.10,5380.60,17.67B,-0.27%
2/8/2017,5361.09,5380.11,5382.07,5349.46,33.51B,-0.38%
2/9/2017,5372.08,5366.34,5384.96,5363.47,26.63B,0.21%
2/10/2017,5371.67,5378.92,5400.17,5371.67,17.24B,-0.01%
2/13/2017,5409.56,5396.56,5418.38,5388.68,18.81B,0.71%
2/14/2017,5380.67,5402.56,5409.35,5370.49,14.73B,-0.53%
2/16/2017,5378.00,5389.07,5395.28,5357.71,22.51B,-0.05%
2/17/2017,5350.93,5366.85,5370.33,5340.86,18.48B,-0.50%
2/20/2017,5359.29,5358.55,5373.09,5351.02,11.13B,0.16%
2/21/2017,5340.99,5363.61,5375.70,5336.84,21.61B,-0.34%
2/22/2017,5358.68,5353.11,5360.41,5331.43,19.54B,0.33%
2/23/2017,5372.75,5348.36,5373.64,5347.86,18.03B,0.26%
2/24/2017,5385.91,5371.02,5391.26,5370.79,12.00B,0.24%
2/27/2017,5382.87,5387.82,5393.66,5368.42,10.56B,-0.06%
2/28/2017,5386.69,5390.34,5405.79,5386.69,8.48B,0.07%
3/1/2017,5363.06,5389.17,5392.79,5350.91,8.33B,-0.44%
3/2/2017,5408.25,5394.73,5431.17,5394.73,7.65B,0.84%
3/3/2017,5391.22,5402.58,5410.90,5384.79,11.02B,-0.31%
3/6/2017,5409.82,5398.05,5409.82,5386.82,10.52B,0.34%
3/7/2017,5402.61,5416.02,5427.91,5386.32,9.91B,-0.13%
3/8/2017,5393.76,5407.53,5415.23,5390.01,7.51B,-0.16%
3/9/2017,5402.39,5393.94,5405.59,5387.00,7.16B,0.16%
3/10/2017,5390.68,5414.91,5415.72,5369.75,8.19B,-0.22%
3/13/2017,5409.37,5389.20,5409.37,5386.34,7.32B,0.35%
3/14/2017,5431.59,5415.95,5449.76,5412.96,8.48B,0.41%
3/15/2017,5432.38,5433.68,5447.49,5424.52,7.81B,0.01%
3/16/2017,5518.24,5461.91,5518.24,5458.42,8.24B,1.58%
3/17/2017,5540.43,5539.82,5557.98,5499.39,9.07B,0.40%
3/20/2017,5533.99,5552.39,5566.93,5510.27,8.65B,-0.12%
3/21/2017,5543.09,5541.05,5554.44,5525.98,8.12B,0.16%
3/22/2017,5534.09,5512.73,5534.09,5486.85,8.41B,-0.16%
3/23/2017,5563.76,5539.64,5576.67,5532.65,7.33B,0.54%
3/24/2017,5567.13,5565.62,5581.18,5546.83,6.67B,0.06%
3/27/2017,5541.20,5557.93,5567.43,5531.33,6.48B,-0.47%
3/29/2017,5592.51,5552.78,5592.77,5552.78,7.47B,0.93%
3/30/2017,5592.95,5581.12,5592.95,5555.37,10.14B,0.01%
3/31/2017,5568.11,5589.52,5606.02,5568.11,7.60B,-0.44%
4/3/2017,5606.79,5583.35,5616.94,5581.31,8.39B,0.69%
4/4/2017,5651.82,5611.66,5654.40,5608.52,10.97B,0.80%
4/5/2017,5676.98,5668.00,5676.98,5644.79,8.65B,0.45%
4/6/2017,5680.24,5668.31,5680.24,5645.31,7.09B,0.06%
4/7/2017,5653.49,5674.01,5677.72,5643.35,6.64B,-0.47%
4/10/2017,5644.30,5662.67,5677.07,5628.98,7.50B,-0.16%
4/11/2017,5627.93,5647.90,5658.73,5621.79,9.81B,-0.29%
4/12/2017,5644.15,5633.98,5650.03,5631.75,8.69B,0.29%
4/13/2017,5616.55,5658.20,5660.39,5613.54,6.41B,-0.49%
4/17/2017,5577.49,5624.62,5631.51,5577.49,6.28B,-0.70%
4/18/2017,5606.52,5597.67,5626.52,5597.17,7.21B,0.52%
4/20/2017,5595.31,5609.89,5619.36,5590.03,7.62B,-0.20%
4/21/2017,5664.48,5600.42,5664.48,5599.49,5.51B,1.24%
4/25/2017,5680.80,5690.89,5696.39,5653.68,6.15B,0.29%
4/26/2017,5726.53,5687.08,5726.53,5679.59,6.80B,0.80%
4/27/2017,5707.03,5708.23,5718.90,5697.79,7.08B,-0.34%
4/28/2017,5685.30,5715.09,5724.51,5684.59,5.98B,-0.38%
5/2/2017,5675.81,5703.87,5714.34,5675.81,5.96B,-0.17%
5/3/2017,5647.37,5681.60,5686.82,5647.32,6.77B,-0.50%
5/4/2017,5669.44,5656.09,5676.01,5643.05,6.82B,0.39%
5/5/2017,5683.38,5665.11,5696.48,5659.97,7.74B,0.25%
5/8/2017,5707.86,5699.30,5727.49,5692.56,7.18B,0.43%
5/9/2017,5697.06,5730.25,5745.85,5693.68,6.14B,-0.19%
5/10/2017,5653.01,5697.96,5718.59,5636.20,7.53B,-0.77%
5/12/2017,5675.22,5680.59,5698.96,5668.72,8.22B,0.39%
5/15/2017,5688.87,5689.81,5693.99,5649.08,6.38B,0.24%
5/16/2017,5647.00,5690.30,5696.62,5647.00,5.59B,-0.74%
5/17/2017,5615.49,5661.48,5664.32,5608.80,5.49B,-0.56%
5/18/2017,5645.45,5590.47,5645.45,5577.52,7.07B,0.53%
5/19/2017,5791.88,5643.54,5825.21,5630.07,7.29B,2.59%
5/22/2017,5749.44,5837.18,5874.44,5743.39,6.06B,-0.73%
5/23/2017,5730.61,5770.62,5777.69,5692.98,5.53B,-0.33%
5/24/2017,5703.43,5678.39,5704.71,5672.04,6.17B,-0.47%
5/26/2017,5716.81,5713.35,5728.60,5703.89,5.94B,0.23%
5/29/2017,5712.33,5728.81,5730.84,5703.46,5.17B,-0.08%
5/30/2017,5693.39,5700.77,5730.06,5693.39,6.47B,-0.33%
5/31/2017,5738.15,5697.81,5738.15,5697.81,9.41B,0.79%
6/2/2017,5742.45,5749.42,5752.66,5726.01,6.68B,0.07%
6/5/2017,5748.23,5747.89,5765.83,5737.58,5.83B,0.10%
6/6/2017,5707.83,5743.40,5754.29,5701.66,6.30B,-0.70%
6/7/2017,5717.32,5716.97,5735.99,5709.15,4.83B,0.17%
6/8/2017,5702.92,5719.03,5725.88,5702.92,4.67B,-0.25%
6/9/2017,5675.52,5699.25,5704.86,5669.87,5.27B,-0.48%
6/12/2017,5691.44,5668.72,5716.54,5668.72,3.90B,0.28%
6/13/2017,5707.65,5694.95,5715.21,5693.88,4.53B,0.28%
6/14/2017,5792.90,5708.07,5792.90,5707.92,5.07B,1.49%
6/15/2017,5776.28,5776.30,5791.20,5768.15,3.47B,-0.29%
6/16/2017,5723.64,5768.16,5797.12,5720.93,5.41B,-0.91%
6/19/2017,5741.91,5731.08,5745.57,5726.77,5.69B,0.32%
6/20/2017,5791.90,5749.58,5791.90,5747.45,4.91B,0.87%
6/21/2017,5818.55,5772.09,5818.55,5771.58,4.27B,0.46%
6/22/2017,5829.71,5830.98,5831.34,5804.60,3.74B,0.19%
7/3/2017,5910.24,5846.60,5910.24,5831.20,4.88B,1.38%
7/4/2017,5865.36,5886.72,5896.37,5858.61,3.93B,-0.76%
7/5/2017,5825.05,5865.43,5874.69,5808.35,4.73B,-0.69%
7/6/2017,5849.57,5817.80,5852.34,5817.39,4.15B,0.42%
7/7/2017,5814.79,5839.89,5863.59,5810.36,3.75B,-0.59%
7/10/2017,5771.51,5814.79,5826.31,5769.34,3.00B,-0.74%
7/11/2017,5773.33,5772.98,5784.08,5765.36,5.20B,0.03%
7/12/2017,5819.13,5771.47,5827.13,5771.47,4.53B,0.79%
7/13/2017,5830.04,5839.40,5843.18,5809.40,4.30B,0.19%
7/14/2017,5831.80,5827.55,5833.76,5804.44,3.68B,0.03%
7/17/2017,5841.28,5831.02,5841.28,5824.26,5.15B,0.16%
7/18/2017,5822.35,5824.93,5831.69,5806.60,5.55B,-0.32%
7/19/2017,5806.69,5822.24,5822.48,5797.35,4.49B,-0.27%
7/20/2017,5825.21,5808.88,5828.14,5808.12,4.51B,0.32%
7/21/2017,5765.42,5824.53,5831.46,5760.96,4.20B,-1.03%
7/24/2017,5801.59,5760.08,5801.59,5756.51,5.09B,0.63%
7/25/2017,5813.53,5805.60,5813.53,5780.48,4.83B,0.21%
7/26/2017,5800.21,5809.89,5831.64,5785.90,5.82B,-0.23%
7/27/2017,5819.74,5807.28,5820.96,5805.92,5.14B,0.34%
7/28/2017,5831.03,5822.81,5831.03,5804.80,6.58B,0.19%
7/31/2017,5840.94,5820.01,5847.24,5816.53,5.44B,0.17%
8/1/2017,5805.20,5853.51,5858.93,5805.20,7.20B,-0.61%
8/2/2017,5824.25,5815.07,5824.25,5792.17,5.29B,0.33%
8/3/2017,5780.58,5818.56,5825.05,5780.58,4.60B,-0.75%
8/4/2017,5777.48,5775.92,5800.13,5769.40,4.10B,-0.05%
8/7/2017,5749.29,5780.89,5812.79,5749.29,4.35B,-0.49%
8/8/2017,5810.56,5755.05,5810.56,5755.05,4.99B,1.07%
8/9/2017,5824.01,5813.60,5824.01,5792.78,5.67B,0.23%
8/10/2017,5825.95,5828.54,5833.86,5810.76,5.83B,0.03%
8/11/2017,5766.14,5812.25,5812.91,5756.46,5.69B,-1.03%
8/14/2017,5801.49,5780.70,5812.87,5780.70,5.03B,0.61%
8/15/2017,5835.04,5808.65,5842.84,5808.26,6.43B,0.58%
8/16/2017,5891.95,5842.56,5891.95,5836.15,5.97B,0.98%
8/18/2017,5893.84,5879.68,5912.12,5869.13,4.79B,0.03%
8/21/2017,5861.00,5893.42,5901.58,5855.24,4.41B,-0.56%
8/22/2017,5880.30,5862.59,5885.60,5862.48,6.05B,0.33%
8/23/2017,5914.02,5900.40,5914.02,5881.76,7.99B,0.57%
8/24/2017,5894.12,5914.10,5916.82,5874.28,8.94B,-0.34%
8/25/2017,5915.36,5906.12,5915.36,5880.02,6.61B,0.36%
8/28/2017,5903.34,5904.37,5914.48,5890.48,8.96B,-0.20%
8/29/2017,5888.21,5899.75,5902.61,5865.41,5.97B,-0.26%
8/30/2017,5872.51,5888.43,5893.90,5863.15,5.29B,-0.27%
8/31/2017,5864.06,5873.73,5881.74,5845.27,6.55B,-0.14%
9/4/2017,5813.74,5858.21,5861.60,5806.32,5.23B,-0.86%
9/5/2017,5829.98,5823.01,5834.18,5774.31,6.70B,0.28%
9/6/2017,5824.14,5809.31,5831.48,5803.12,6.36B,-0.10%
9/7/2017,5832.31,5824.52,5835.88,5810.48,5.20B,0.14%
9/8/2017,5857.12,5825.12,5866.99,5819.53,4.80B,0.43%
9/11/2017,5871.88,5863.42,5883.95,5858.24,5.31B,0.25%
9/12/2017,5872.38,5877.24,5884.15,5861.53,6.14B,0.01%
9/13/2017,5845.73,5860.49,5881.69,5840.92,6.96B,-0.45%
9/14/2017,5852.00,5849.72,5867.21,5841.40,7.57B,0.11%
9/15/2017,5872.39,5854.45,5875.53,5831.18,6.47B,0.35%
9/18/2017,5884.61,5875.11,5884.61,5851.23,5.33B,0.21%
9/19/2017,5901.33,5885.21,5901.33,5868.34,5.91B,0.28%
9/20/2017,5906.57,5902.21,5908.86,5885.83,6.18B,0.09%
9/22/2017,5911.71,5905.23,5928.79,5883.57,5.18B,0.09%
9/25/2017,5894.61,5910.16,5918.09,5882.94,4.80B,-0.29%
9/26/2017,5863.96,5897.01,5904.95,5859.85,6.11B,-0.52%
9/27/2017,5863.03,5872.59,5873.03,5841.02,5.53B,-0.02%
9/28/2017,5841.05,5860.55,5866.61,5839.59,6.21B,-0.37%
9/29/2017,5900.85,5855.08,5907.44,5851.70,5.18B,1.02%
10/2/2017,5914.03,5917.75,5936.14,5909.11,5.02B,0.22%
10/3/2017,5939.45,5915.43,5953.48,5899.53,6.25B,0.43%
10/4/2017,5951.48,5952.38,5967.12,5946.64,6.01B,0.20%
10/5/2017,5901.91,5954.73,5956.40,5901.91,5.83B,-0.83%
10/6/2017,5905.38,5922.11,5922.75,5894.24,4.75B,0.06%
10/9/2017,5914.93,5906.72,5926.38,5902.47,4.23B,0.16%
10/10/2017,5905.76,5918.13,5927.68,5896.46,4.87B,-0.16%
10/11/2017,5882.79,5900.73,5906.14,5860.76,4.91B,-0.39%
10/12/2017,5926.20,5886.43,5932.01,5883.50,7.62B,0.74%
10/13/2017,5924.12,5926.03,5947.86,5915.14,6.89B,-0.04%
10/16/2017,5949.70,5927.99,5956.95,5927.99,7.33B,0.43%
10/17/2017,5947.33,5957.58,5961.51,5922.07,5.33B,-0.04%
10/18/2017,5929.20,5955.20,5958.00,5903.62,7.42B,-0.30%
10/19/2017,5910.53,5927.73,5934.68,5903.86,7.66B,-0.31%
10/20/2017,5929.55,5923.08,5959.58,5918.53,6.56B,0.32%
10/23/2017,5950.03,5946.15,5965.99,5945.33,8.01B,0.35%
10/24/2017,5952.08,5955.27,5974.20,5949.33,8.33B,0.03%
10/25/2017,6025.43,5962.03,6025.43,5961.75,6.59B,1.23%
10/26/2017,5995.85,6018.27,6042.45,5995.85,6.16B,-0.49%
10/27/2017,5975.28,5998.17,6020.29,5969.78,5.02B,-0.34%
10/30/2017,5974.08,5990.19,6008.63,5969.21,6.03B,-0.02%
10/31/2017,6005.78,6034.38,6034.62,5989.86,5.58B,0.53%
11/1/2017,6038.15,6017.04,6038.99,6008.37,5.63B,0.54%
11/2/2017,6031.11,6052.03,6082.23,6031.11,5.67B,-0.12%
11/3/2017,6039.54,6044.79,6046.26,5989.68,4.77B,0.14%
11/6/2017,6050.82,6031.52,6062.06,6025.07,6.20B,0.19%
11/7/2017,6060.45,6055.75,6065.28,6047.27,5.03B,0.16%
11/8/2017,6049.38,6052.99,6069.77,6033.55,7.16B,-0.18%
11/9/2017,6042.46,6055.55,6071.54,6039.86,5.67B,-0.11%
11/10/2017,6021.83,6044.28,6054.53,6020.45,5.38B,-0.34%
11/13/2017,6021.46,6020.75,6045.49,6016.99,5.40B,-0.01%
11/14/2017,5988.29,6019.11,6039.30,5988.29,6.37B,-0.55%
11/15/2017,5972.31,6001.92,6012.66,5972.31,7.33B,-0.27%
11/16/2017,6037.91,5985.63,6054.24,5984.70,5.53B,1.10%
11/17/2017,6051.73,6052.51,6092.35,6049.96,5.20B,0.23%
11/20/2017,6053.28,6066.75,6098.78,6053.28,5.38B,0.03%
11/21/2017,6031.86,6062.23,6076.23,6008.69,5.70B,-0.35%
11/22/2017,6069.78,6039.09,6071.34,6038.74,6.56B,0.63%
11/23/2017,6063.24,6081.42,6090.64,6056.12,6.67B,-0.11%
11/24/2017,6067.14,6064.67,6069.85,6035.25,5.70B,0.06%
11/27/2017,6064.59,6059.71,6072.49,6035.92,6.08B,-0.04%
11/28/2017,6070.72,6055.10,6070.72,6015.91,6.68B,0.10%
11/29/2017,6061.37,6066.43,6073.90,6045.34,6.42B,-0.15%
11/30/2017,5952.14,6053.03,6058.60,5952.14,9.50B,-1.80%
12/4/2017,5998.19,6014.06,6031.92,5994.35,6.60B,0.77%
12/5/2017,6000.47,6021.09,6026.41,5979.48,6.72B,0.04%
12/6/2017,6035.51,6002.54,6044.34,6001.09,5.09B,0.58%
12/7/2017,6006.84,6032.05,6039.30,6006.84,5.00B,-0.48%
12/8/2017,6030.96,6017.96,6041.13,6013.75,5.34B,0.40%
12/11/2017,6026.63,6043.35,6052.52,6024.04,5.74B,-0.07%
12/12/2017,6032.37,6038.43,6042.00,6012.98,5.46B,0.10%
12/13/2017,6054.60,6027.44,6054.60,6020.11,5.59B,0.37%
12/14/2017,6113.65,6065.31,6117.13,6061.09,6.72B,0.98%
12/15/2017,6119.42,6098.84,6119.42,6075.89,5.64B,0.09%
12/18/2017,6133.96,6111.68,6133.96,6080.15,5.14B,0.24%
12/19/2017,6167.67,6113.09,6176.45,6110.28,5.66B,0.55%
12/20/2017,6109.48,6165.60,6167.43,6088.56,5.91B,-0.94%
12/21/2017,6183.39,6129.53,6183.39,6126.79,5.23B,1.21%
12/22/2017,6221.01,6181.86,6221.01,6167.04,4.51B,0.61%
12/27/2017,6277.16,6214.26,6277.16,6214.26,4.47B,0.90%
12/28/2017,6314.05,6282.44,6314.05,6259.61,5.90B,0.59%
12/29/2017,6355.65,6325.62,6368.32,6321.09,6.60B,0.66%
1/2/2018,6339.24,6366.08,6445.91,6326.09,5.22B,-0.26%
1/3/2018,6251.48,6341.27,6342.19,6220.69,4.89B,-1.38%
1/4/2018,6292.32,6257.72,6292.32,6233.94,5.79B,0.65%
1/5/2018,6353.74,6279.46,6353.74,6278.72,7.42B,0.98%
1/8/2018,6385.40,6354.36,6385.40,6349.04,6.67B,0.50%
1/9/2018,6373.14,6393.87,6402.74,6351.23,6.69B,-0.19%
1/10/2018,6371.17,6380.92,6412.03,6355.22,7.01B,-0.03%
1/11/2018,6386.34,6375.03,6386.34,6344.04,11.73B,0.24%
1/12/2018,6370.06,6391.47,6409.18,6359.83,8.90B,-0.25%
1/15/2018,6382.19,6379.07,6390.89,6361.61,7.35B,0.19%
1/16/2018,6429.69,6386.22,6429.69,6381.31,8.20B,0.74%
1/17/2018,6444.52,6429.77,6452.51,6420.06,8.69B,0.23%
1/18/2018,6472.67,6456.90,6483.27,6452.05,11.17B,0.44%
1/19/2018,6490.90,6483.83,6490.90,6443.01,7.02B,0.28%
1/22/2018,6500.53,6495.38,6529.20,6484.12,8.78B,0.15%
1/23/2018,6635.33,6538.01,6635.33,6537.08,8.53B,2.07%
1/24/2018,6615.49,6635.76,6641.17,6588.62,11.60B,-0.30%
1/25/2018,6615.33,6629.37,6636.59,6581.67,12.20B,0.00%
1/26/2018,6660.62,6616.13,6677.37,6615.87,10.25B,0.68%
1/29/2018,6680.62,6672.99,6686.35,6634.89,9.93B,0.30%
1/30/2018,6575.49,6666.83,6675.76,6546.65,10.00B,-1.57%
1/31/2018,6605.63,6547.99,6627.84,6522.66,11.38B,0.46%
2/1/2018,6598.46,6625.35,6658.88,6598.46,11.97B,-0.11%
2/2/2018,6628.82,6638.16,6655.61,6621.44,8.81B,0.46%
2/5/2018,6589.68,6556.68,6612.45,6522.55,9.75B,-0.59%
2/6/2018,6478.54,6505.19,6519.29,6426.76,13.90B,-1.69%
2/7/2018,6534.87,6525.56,6582.51,6512.07,11.72B,0.87%
2/8/2018,6544.63,6543.62,6549.18,6519.09,10.63B,0.15%
2/9/2018,6505.52,6491.29,6505.52,6460.64,9.56B,-0.60%
2/12/2018,6523.45,6508.05,6531.56,6498.69,11.88B,0.28%
2/13/2018,6578.18,6545.00,6595.90,6544.67,10.29B,0.84%
2/14/2018,6594.40,6577.11,6599.31,6572.50,7.71B,0.25%
2/15/2018,6591.58,6615.90,6624.63,6583.19,8.54B,-0.04%
2/19/2018,6689.29,6610.73,6689.29,6607.91,9.67B,1.48%
2/20/2018,6662.88,6687.23,6693.47,6625.74,12.94B,-0.39%
2/21/2018,6643.40,6649.18,6665.89,6614.23,17.92B,-0.29%
2/22/2018,6593.06,6646.35,6648.75,6586.31,10.71B,-0.76%
2/23/2018,6619.80,6608.53,6659.26,6608.53,9.37B,0.41%
2/26/2018,6554.67,6615.37,6624.02,6554.67,9.78B,-0.98%
2/27/2018,6598.93,6573.70,6598.93,6562.84,10.71B,0.68%
2/28/2018,6597.22,6595.86,6609.40,6564.48,9.71B,-0.03%
3/1/2018,6606.05,6605.31,6630.13,6596.87,9.24B,0.13%
3/2/2018,6582.32,6597.71,6597.71,6561.05,8.23B,-0.36%
3/5/2018,6550.59,6594.52,6607.16,6543.66,7.78B,-0.48%
3/6/2018,6500.11,6577.18,6589.72,6492.95,7.78B,-0.77%
3/7/2018,6368.27,6500.96,6516.89,6346.66,10.86B,-2.03%
3/8/2018,6443.02,6410.71,6443.06,6371.97,8.73B,1.17%
3/9/2018,6433.32,6448.19,6459.03,6382.89,7.36B,-0.15%
3/12/2018,6500.69,6459.32,6500.69,6459.32,7.62B,1.05%
3/13/2018,6412.85,6497.46,6501.13,6399.39,8.26B,-1.35%
3/14/2018,6382.62,6410.89,6412.75,6363.63,8.62B,-0.47%
3/15/2018,6321.90,6366.93,6372.09,6316.21,8.22B,-0.95%
3/16/2018,6304.95,6323.41,6328.79,6236.24,8.83B,-0.27%
3/19/2018,6289.57,6315.33,6319.65,6277.76,7.77B,-0.24%
3/20/2018,6243.58,6266.58,6271.72,6207.17,7.67B,-0.73%
3/21/2018,6312.83,6260.19,6315.07,6260.07,9.24B,1.11%
3/22/2018,6254.07,6331.98,6351.31,6252.98,7.80B,-0.93%
3/23/2018,6210.70,6138.11,6210.70,6085.20,7.55B,-0.69%
3/26/2018,6200.17,6178.73,6205.57,6167.34,6.21B,-0.17%
3/27/2018,6209.35,6246.23,6274.30,6188.61,7.09B,0.15%
3/28/2018,6140.84,6195.48,6197.01,6116.89,6.14B,-1.10%
3/29/2018,6188.99,6153.65,6188.99,6101.77,5.92B,0.78%
4/2/2018,6240.57,6194.51,6240.57,6168.37,5.90B,0.83%
4/3/2018,6229.01,6212.77,6234.57,6202.13,6.18B,-0.19%
4/4/2018,6157.10,6240.98,6250.14,6137.16,7.27B,-1.15%
4/5/2018,6183.23,6194.10,6211.87,6176.70,6.21B,0.42%
4/6/2018,6175.05,6184.87,6192.42,6165.20,5.97B,-0.13%
4/9/2018,6246.13,6179.38,6246.13,6178.18,6.43B,1.15%
4/10/2018,6325.82,6244.35,6334.47,6243.00,6.39B,1.28%
4/11/2018,6360.93,6352.60,6380.35,6349.64,7.27B,0.56%
4/12/2018,6310.80,6351.05,6356.15,6289.86,6.51B,-0.79%
4/13/2018,6270.33,6322.95,6335.20,6270.33,5.58B,-0.64%
4/16/2018,6286.75,6279.63,6305.03,6262.24,5.70B,0.26%
4/17/2018,6285.76,6290.86,6303.97,6259.59,9.24B,-0.02%
4/18/2018,6320.01,6302.98,6320.01,6297.95,7.97B,0.54%
4/19/2018,6355.90,6321.22,6355.90,6319.58,7.50B,0.57%
4/20/2018,6337.69,6356.00,6360.32,6314.20,6.02B,-0.29%
4/23/2018,6308.15,6328.65,6335.45,6298.38,6.21B,-0.47%
4/24/2018,6229.64,6313.72,6316.70,6225.55,5.86B,-1.24%
4/25/2018,6079.85,6219.76,6220.04,6070.79,5.84B,-2.40%
4/26/2018,5909.20,6080.38,6089.10,5894.15,6.77B,-2.81%
4/27/2018,5919.24,5968.88,5997.50,5885.34,5.52B,0.17%
4/30/2018,5994.60,5937.07,6005.88,5936.53,5.92B,1.27%
5/2/2018,6012.24,5999.36,6012.94,5970.40,6.78B,0.29%
5/3/2018,5858.73,5990.16,5996.49,5858.73,6.11B,-2.55%
5/4/2018,5792.35,5849.31,5855.11,5768.38,5.24B,-1.13%
5/7/2018,5885.10,5814.96,5885.10,5808.19,5.29B,1.60%
5/8/2018,5774.72,5862.78,5866.08,5752.80,5.78B,-1.88%
5/9/2018,5907.94,5734.18,5917.82,5716.65,6.63B,2.31%
5/11/2018,5956.83,5923.09,6023.04,5921.19,6.68B,0.83%
5/14/2018,5947.15,5933.46,5947.15,5853.44,5.62B,-0.16%
5/15/2018,5838.12,5926.08,5940.42,5833.64,6.45B,-1.83%
5/16/2018,5841.46,5780.88,5841.46,5738.58,6.23B,0.06%
5/17/2018,5815.92,5854.87,5898.30,5815.92,6.74B,-0.44%
5/18/2018,5783.31,5831.05,5843.45,5783.31,5.55B,-0.56%
5/21/2018,5733.85,5779.24,5786.39,5719.48,6.37B,-0.86%
5/22/2018,5751.12,5767.63,5813.43,5751.12,6.74B,0.30%
5/23/2018,5792.00,5764.42,5850.54,5764.31,6.06B,0.71%
5/24/2018,5946.54,5833.62,5954.31,5833.35,7.15B,2.67%
5/25/2018,5975.74,5957.43,6003.24,5949.52,5.87B,0.49%
5/28/2018,6068.32,5979.62,6080.51,5977.00,6.68B,1.55%
5/30/2018,6011.06,6037.43,6095.83,6001.80,7.70B,-0.94%
5/31/2018,5983.59,6037.26,6055.02,5934.80,9.19B,-0.46%
6/4/2018,6014.82,6004.12,6032.99,6001.20,7.79B,0.52%
6/5/2018,6088.79,6031.37,6088.79,6025.56,7.12B,1.23%
6/6/2018,6069.71,6083.92,6096.72,6063.33,6.84B,-0.31%
6/7/2018,6106.70,6090.98,6116.43,6077.86,6.11B,0.61%
6/8/2018,5993.63,6083.33,6096.66,5987.33,5.40B,-1.85%
6/20/2018,5884.04,5941.79,5947.78,5834.13,6.24B,-1.83%
6/21/2018,5822.33,5890.06,5922.70,5815.45,5.14B,-1.05%
6/22/2018,5821.81,5820.19,5837.65,5787.68,5.88B,-0.01%
6/25/2018,5859.08,5850.31,5891.48,5801.59,5.49B,0.64%
6/26/2018,5825.65,5831.60,5878.04,5820.75,5.91B,-0.57%
6/27/2018,5787.55,5832.58,5859.60,5787.55,5.56B,-0.65%
6/28/2018,5667.32,5791.58,5801.35,5661.01,6.01B,-2.08%
6/29/2018,5799.24,5691.69,5799.24,5682.66,6.53B,2.33%
7/2/2018,5746.77,5828.50,5832.22,5746.77,4.80B,-0.90%
7/3/2018,5633.94,5737.35,5752.32,5630.10,4.96B,-1.96%
7/4/2018,5733.64,5640.56,5738.93,5557.56,5.66B,1.77%
7/5/2018,5739.33,5727.91,5739.33,5685.75,5.17B,0.10%
7/6/2018,5694.91,5733.13,5743.36,5694.91,4.63B,-0.77%
7/9/2018,5807.38,5719.86,5815.45,5716.39,5.27B,1.97%
7/10/2018,5881.76,5839.04,5888.59,5829.68,5.38B,1.28%
7/11/2018,5893.36,5842.99,5897.96,5822.75,6.24B,0.20%
7/12/2018,5907.87,5873.05,5931.52,5873.05,5.70B,0.25%
7/13/2018,5944.07,5908.48,5961.34,5908.48,5.49B,0.61%
7/16/2018,5905.16,5941.91,5956.80,5847.34,4.65B,-0.65%
7/17/2018,5861.51,5881.79,5884.80,5840.94,5.25B,-0.74%
7/18/2018,5890.73,5868.87,5899.65,5858.98,6.90B,0.50%
7/19/2018,5871.08,5902.03,5920.93,5857.14,6.15B,-0.33%
7/20/2018,5872.78,5867.81,5884.63,5842.93,5.61B,0.03%
7/23/2018,5915.80,5886.52,5928.08,5884.98,5.19B,0.73%
7/24/2018,5931.84,5934.41,5945.85,5925.05,5.94B,0.27%
7/25/2018,5933.89,5941.13,5947.50,5923.20,8.41B,0.03%
7/26/2018,5946.14,5949.66,5967.60,5928.74,8.24B,0.21%
7/27/2018,5989.14,5947.36,5992.05,5947.06,6.56B,0.72%
7/30/2018,6027.94,5998.10,6027.94,5994.08,7.22B,0.65%
7/31/2018,5936.44,6012.93,6013.86,5910.53,8.65B,-1.52%
8/1/2018,6033.42,5952.94,6034.55,5945.44,5.99B,1.63%
8/2/2018,6011.72,6039.59,6055.07,6011.72,7.78B,-0.36%
8/3/2018,6007.54,6014.80,6023.48,5994.04,5.72B,-0.07%
8/6/2018,6101.13,6025.61,6102.54,6025.43,6.62B,1.56%
8/7/2018,6091.25,6100.00,6113.99,6079.48,6.03B,-0.16%
8/8/2018,6094.83,6110.84,6117.29,6081.63,6.47B,0.06%
8/9/2018,6065.26,6084.75,6105.92,6055.27,6.24B,-0.49%
8/10/2018,6077.17,6084.80,6107.70,6059.99,5.29B,0.20%
8/13/2018,5861.25,6029.47,6034.56,5861.25,6.09B,-3.55%
8/14/2018,5769.87,5850.72,5890.99,5744.58,5.70B,-1.56%
8/15/2018,5816.59,5782.38,5819.64,5689.94,6.20B,0.81%
8/16/2018,5783.80,5788.06,5811.63,5743.50,5.34B,-0.56%
8/20/2018,5892.19,5833.54,5919.33,5833.54,5.50B,1.87%
8/21/2018,5944.30,5899.30,5953.91,5899.30,5.90B,0.88%
8/23/2018,5982.98,5962.10,5991.30,5934.29,5.36B,0.65%
8/24/2018,5968.75,5975.42,5993.60,5949.61,4.95B,-0.24%
8/27/2018,6025.97,5993.76,6025.97,5993.70,6.57B,0.96%
8/28/2018,6042.65,6042.89,6065.25,6023.22,5.91B,0.28%
8/29/2018,6065.15,6025.60,6065.15,6003.49,6.30B,0.37%
8/30/2018,6018.96,6075.27,6086.94,6013.37,5.85B,-0.76%
8/31/2018,6018.46,5984.96,6018.46,5940.65,5.95B,-0.01%
9/3/2018,5967.58,6025.41,6026.92,5954.93,4.43B,-0.85%
9/4/2018,5905.30,5974.76,5978.73,5889.10,5.40B,-1.04%
9/5/2018,5683.50,5868.78,5868.78,5621.60,7.18B,-3.76%
9/6/2018,5776.10,5661.96,5786.67,5660.87,5.79B,1.63%
9/7/2018,5851.46,5780.81,5851.46,5769.25,5.43B,1.30%
9/10/2018,5831.12,5835.38,5840.87,5776.02,5.39B,-0.35%
9/12/2018,5798.15,5839.31,5870.60,5798.15,6.14B,-0.57%
9/13/2018,5858.27,5834.77,5865.07,5834.77,6.64B,1.04%
9/14/2018,5931.28,5870.98,5931.28,5870.98,5.66B,1.25%
9/17/2018,5824.26,5908.43,5911.65,5811.92,5.96B,-1.80%
9/18/2018,5811.79,5818.72,5844.95,5781.29,7.10B,-0.21%
9/19/2018,5873.60,5835.79,5882.66,5835.79,6.96B,1.06%
9/20/2018,5931.27,5898.48,5941.02,5897.60,7.09B,0.98%
9/21/2018,5957.74,5956.50,5975.17,5935.04,8.63B,0.45%
9/24/2018,5882.22,5958.57,5958.57,5876.65,6.87B,-1.27%
9/25/2018,5874.30,5875.16,5895.02,5850.75,6.59B,-0.13%
9/26/2018,5873.27,5871.56,5908.59,5870.30,7.51B,-0.02%
9/27/2018,5929.22,5871.44,5931.72,5870.54,5.97B,0.95%
9/28/2018,5976.55,5930.60,5976.55,5930.60,6.27B,0.80%
10/1/2018,5944.60,5950.86,5982.06,5944.60,6.06B,-0.53%
10/2/2018,5875.62,5947.25,5956.78,5862.96,8.77B,-1.16%
10/3/2018,5867.74,5874.50,5921.57,5848.16,7.29B,-0.13%
10/4/2018,5756.62,5847.60,5847.60,5742.31,9.02B,-1.89%
10/5/2018,5731.94,5738.59,5758.27,5706.40,6.49B,-0.43%
10/8/2018,5761.07,5728.70,5794.43,5728.64,7.37B,0.51%
10/9/2018,5796.79,5771.92,5796.79,5756.24,6.45B,0.62%
10/10/2018,5820.67,5815.29,5832.93,5798.74,6.83B,0.41%
10/11/2018,5702.82,5734.00,5746.24,5669.72,9.05B,-2.02%
10/12/2018,5756.49,5722.49,5788.68,5722.49,6.02B,0.94%
10/15/2018,5727.26,5786.66,5816.04,5725.58,6.51B,-0.51%
10/16/2018,5800.82,5737.94,5800.82,5719.51,6.49B,1.28%
10/17/2018,5868.62,5833.25,5868.62,5819.17,6.46B,1.17%
10/18/2018,5845.24,5850.12,5858.79,5811.92,6.28B,-0.40%
10/19/2018,5837.29,5810.13,5861.99,5796.78,6.35B,-0.14%
10/22/2018,5840.44,5841.42,5869.65,5827.63,6.86B,0.05%
10/23/2018,5797.89,5838.69,5848.04,5797.34,6.16B,-0.73%
10/24/2018,5709.42,5795.75,5818.84,5709.42,7.16B,-1.53%
10/25/2018,5754.96,5629.95,5754.96,5623.84,5.16B,0.80%
10/26/2018,5784.92,5761.45,5790.95,5748.61,5.25B,0.52%
10/29/2018,5754.61,5788.92,5814.68,5747.03,4.96B,-0.52%
10/30/2018,5789.10,5755.02,5789.10,5733.24,5.97B,0.60%
10/31/2018,5831.65,5817.49,5835.17,5769.54,6.99B,0.73%
11/1/2018,5835.92,5855.22,5883.22,5815.76,6.32B,0.07%
11/2/2018,5906.29,5873.01,5906.29,5827.15,6.70B,1.21%
11/5/2018,5920.59,5895.24,5926.63,5886.21,5.37B,0.24%
11/6/2018,5923.93,5942.32,5959.97,5898.56,5.33B,0.06%
11/7/2018,5939.89,5942.22,5947.61,5891.14,6.25B,0.27%
11/8/2018,5976.81,5972.33,5996.84,5949.52,7.32B,0.62%
11/9/2018,5874.15,5934.18,5936.03,5859.09,6.53B,-1.72%
11/12/2018,5777.05,5865.74,5884.08,5777.05,5.55B,-1.65%
11/13/2018,5835.20,5754.60,5850.38,5747.53,5.89B,1.01%
11/14/2018,5858.29,5857.72,5896.80,5851.79,7.28B,0.40%
11/15/2018,5955.74,5885.22,5960.40,5880.21,6.01B,1.66%
11/16/2018,6012.35,5975.11,6058.83,5968.67,6.11B,0.95%
11/19/2018,6005.30,6028.34,6036.99,5974.13,5.60B,-0.12%
11/21/2018,5948.05,5942.20,5978.60,5908.00,6.43B,-0.95%
11/22/2018,5990.81,5936.66,5997.64,5936.66,7.66B,0.72%
11/23/2018,6006.20,5998.03,6017.46,5971.99,6.26B,0.26%
11/26/2018,6022.78,5997.73,6025.99,5990.98,6.72B,0.28%
11/27/2018,6013.59,6002.39,6034.18,5992.88,6.92B,-0.15%
11/28/2018,5991.25,6027.58,6030.90,5990.35,7.24B,-0.37%
11/29/2018,6107.17,6030.74,6107.17,6029.66,7.19B,1.93%
11/30/2018,6056.12,6104.64,6117.19,6056.12,10.49B,-0.84%
12/3/2018,6118.32,6118.06,6157.30,6101.74,8.48B,1.03%
12/4/2018,6152.86,6118.63,6152.86,6118.47,6.52B,0.56%
12/5/2018,6133.12,6097.64,6133.12,6064.83,6.79B,-0.32%
12/6/2018,6115.49,6095.01,6131.63,6086.13,6.59B,-0.29%
12/7/2018,6126.36,6108.95,6141.47,6103.18,6.61B,0.18%
12/10/2018,6111.36,6103.10,6121.78,6078.63,5.69B,-0.24%
12/11/2018,6076.59,6095.35,6106.98,6069.16,7.18B,-0.57%
12/12/2018,6115.58,6097.73,6118.23,6084.34,7.93B,0.64%
12/13/2018,6177.72,6140.88,6186.05,6139.33,8.21B,1.02%
12/14/2018,6169.84,6178.57,6185.48,6160.35,6.19B,-0.13%
12/17/2018,6089.31,6163.63,6174.22,6089.31,6.19B,-1.31%
12/18/2018,6081.87,6056.23,6081.87,6014.79,6.05B,-0.12%
12/19/2018,6176.09,6076.29,6176.09,6076.22,8.29B,1.55%
12/20/2018,6147.88,6144.94,6160.41,6112.06,6.48B,-0.46%
12/21/2018,6163.60,6117.84,6165.28,6110.61,5.94B,0.26%
12/26/2018,6127.85,6126.65,6144.60,6094.41,5.32B,-0.58%
12/27/2018,6190.64,6173.52,6191.70,6157.65,6.55B,1.02%
12/28/2018,6194.50,6200.30,6212.13,6176.63,7.00B,0.06%
1/2/2019,6181.17,6197.87,6205.90,6164.83,5.28B,-0.22%
1/3/2019,6221.01,6176.15,6221.01,6176.15,7.22B,0.64%
1/4/2019,6274.54,6211.10,6274.54,6200.85,8.09B,0.86%
1/7/2019,6287.22,6317.63,6354.76,6287.22,9.03B,0.20%
1/8/2019,6262.85,6292.26,6316.24,6251.38,9.05B,-0.39%
1/9/2019,6272.24,6296.12,6311.58,6265.33,10.56B,0.15%
1/10/2019,6328.71,6293.96,6328.71,6268.51,12.25B,0.90%
1/11/2019,6361.46,6347.97,6361.46,6337.55,7.81B,0.52%
1/14/2019,6336.12,6351.33,6359.88,6302.40,7.97B,-0.40%
1/15/2019,6408.78,6347.10,6408.78,6333.64,9.51B,1.15%
1/16/2019,6413.36,6417.13,6425.94,6385.59,10.43B,0.07%
1/17/2019,6423.78,6421.41,6457.73,6410.95,9.92B,0.16%
1/18/2019,6448.16,6444.21,6452.56,6409.10,8.00B,0.38%
1/21/2019,6450.83,6448.54,6472.15,6438.90,10.18B,0.04%
1/22/2019,6468.56,6452.60,6468.56,6416.59,10.08B,0.27%
1/23/2019,6451.17,6452.91,6484.20,6449.92,10.95B,-0.27%
1/24/2019,6466.65,6451.26,6478.88,6446.58,12.04B,0.24%
1/25/2019,6482.84,6474.16,6498.33,6470.12,9.20B,0.25%
1/28/2019,6458.71,6488.90,6501.09,6433.82,9.55B,-0.37%
1/29/2019,6436.48,6454.47,6485.25,6428.47,7.31B,-0.34%
1/30/2019,6464.19,6445.41,6464.93,6435.42,7.87B,0.43%
1/31/2019,6532.97,6491.39,6544.48,6491.39,10.43B,1.06%
2/1/2019,6538.64,6552.06,6581.73,6516.44,8.89B,0.09%
2/4/2019,6481.45,6540.77,6555.99,6479.05,8.90B,-0.87%
2/6/2019,6547.88,6503.58,6552.22,6503.58,10.68B,1.02%
2/7/2019,6536.46,6556.12,6563.98,6517.23,11.51B,-0.17%
2/8/2019,6521.66,6513.74,6526.87,6498.96,9.66B,-0.23%
2/11/2019,6495.00,6523.70,6535.18,6494.13,9.50B,-0.41%
2/12/2019,6426.33,6503.05,6513.10,6392.24,11.82B,-1.06%
2/13/2019,6419.12,6445.18,6456.57,6398.89,12.26B,-0.11%
2/14/2019,6420.02,6429.13,6446.34,6402.43,11.72B,0.01%
2/15/2019,6389.08,6425.81,6433.69,6374.90,9.82B,-0.48%
2/18/2019,6497.81,6428.28,6501.03,6425.92,9.78B,1.70%
2/19/2019,6494.67,6500.70,6534.01,6493.31,9.84B,-0.05%
2/20/2019,6512.78,6521.81,6552.15,6483.07,11.06B,0.28%
2/21/2019,6537.77,6510.57,6539.07,6498.99,10.20B,0.38%
2/22/2019,6501.38,6518.19,6530.22,6481.48,10.16B,-0.56%
2/25/2019,6525.36,6522.31,6538.49,6507.92,9.57B,0.37%
2/26/2019,6540.95,6527.72,6540.95,6497.76,11.20B,0.24%
2/27/2019,6525.68,6532.04,6539.29,6499.81,8.94B,-0.23%
2/28/2019,6443.35,6526.93,6526.93,6433.24,10.02B,-1.26%
3/1/2019,6499.88,6468.62,6505.10,6466.16,7.83B,0.88%
3/4/2019,6488.42,6508.26,6537.23,6487.85,8.92B,-0.18%
3/5/2019,6441.28,6485.58,6485.64,6409.34,8.20B,-0.73%
3/6/2019,6457.96,6460.81,6473.01,6424.26,9.11B,0.26%
3/8/2019,6383.07,6439.84,6442.20,6381.73,9.26B,-1.16%
3/11/2019,6366.43,6418.88,6420.78,6366.04,9.73B,-0.26%
3/12/2019,6353.77,6395.88,6404.43,6339.97,8.45B,-0.20%
3/13/2019,6377.58,6343.12,6377.58,6337.87,10.00B,0.37%
3/14/2019,6413.27,6374.92,6413.27,6372.96,9.67B,0.56%
3/15/2019,6461.18,6420.18,6489.19,6419.64,12.29B,0.75%
3/18/2019,6509.45,6481.59,6509.45,6477.29,10.50B,0.75%
3/19/2019,6480.28,6515.56,6522.21,6473.29,11.40B,-0.45%
3/20/2019,6482.71,6486.88,6498.43,6463.94,10.63B,0.04%
3/21/2019,6501.78,6499.27,6515.97,6484.31,12.10B,0.29%
3/22/2019,6525.27,6510.85,6525.27,6491.90,12.95B,0.36%
3/25/2019,6411.25,6473.86,6474.65,6391.52,10.57B,-1.75%
3/26/2019,6470.00,6440.92,6478.05,6439.58,8.59B,0.92%
3/27/2019,6444.74,6480.56,6485.43,6443.97,9.04B,-0.39%
3/28/2019,6480.79,6460.49,6480.79,6445.36,9.21B,0.56%
3/29/2019,6468.75,6480.98,6485.96,6440.92,10.29B,-0.19%
4/1/2019,6452.61,6485.72,6492.91,6444.84,9.32B,-0.25%
4/2/2019,6476.07,6476.62,6490.07,6454.98,9.77B,0.36%
4/4/2019,6494.63,6489.79,6505.80,6480.08,11.59B,0.29%
4/5/2019,6474.02,6501.10,6506.80,6473.96,10.40B,-0.32%
4/8/2019,6425.73,6480.18,6484.15,6390.71,10.48B,-0.75%
4/9/2019,6484.35,6434.62,6484.39,6429.54,10.32B,0.91%
4/10/2019,6478.33,6476.78,6487.76,6456.67,8.84B,-0.09%
4/11/2019,6410.17,6468.26,6472.73,6410.17,10.15B,-1.05%
4/12/2019,6405.87,6395.07,6422.27,6394.91,11.93B,-0.07%
4/15/2019,6435.15,6426.90,6442.03,6415.12,9.21B,0.46%
4/16/2019,6481.54,6440.72,6485.12,6438.40,11.74B,0.72%
4/18/2019,6507.22,6568.85,6636.33,6487.23,11.64B,0.40%
4/22/2019,6414.74,6511.09,6516.24,6410.04,9.79B,-1.42%
4/23/2019,6462.82,6420.16,6482.82,6415.46,10.92B,0.75%
4/24/2019,6447.88,6460.27,6472.53,6433.97,9.89B,-0.23%
4/25/2019,6372.79,6423.84,6431.59,6353.28,9.88B,-1.16%
4/26/2019,6401.08,6349.92,6401.08,6321.66,8.74B,0.44%
4/29/2019,6425.90,6388.38,6428.34,6376.71,9.05B,0.39%
4/30/2019,6455.35,6437.98,6457.82,6428.25,9.76B,0.46%
5/2/2019,6374.42,6458.12,6465.77,6363.04,10.84B,-1.25%
5/3/2019,6319.46,6366.75,6367.62,6261.25,9.59B,-0.86%
5/6/2019,6256.35,6254.81,6263.09,6207.62,7.90B,-1.00%
5/7/2019,6297.32,6271.96,6310.94,6268.32,10.30B,0.65%
5/8/2019,6270.20,6260.70,6270.88,6231.36,9.49B,-0.43%
5/9/2019,6198.80,6242.18,6259.63,6195.39,9.50B,-1.14%
5/10/2019,6209.12,6203.10,6232.66,6149.22,8.59B,0.17%
5/13/2019,6135.40,6225.40,6238.26,6135.40,7.53B,-1.19%
5/14/2019,6071.20,6081.40,6101.09,6033.62,10.58B,-1.05%
5/15/2019,5980.88,6091.64,6107.44,5980.88,9.30B,-1.49%
5/16/2019,5895.74,5969.86,6009.63,5889.56,9.35B,-1.42%
5/17/2019,5826.87,5930.27,5936.97,5826.87,9.13B,-1.17%
5/20/2019,5907.12,5822.47,5930.15,5767.40,9.13B,1.38%
5/21/2019,5951.37,5925.42,5996.54,5925.42,9.16B,0.75%
5/22/2019,5939.64,5948.38,5966.80,5918.90,7.60B,-0.20%
5/23/2019,6032.70,5944.03,6044.57,5942.17,8.25B,1.57%
5/24/2019,6057.35,6042.58,6080.19,6037.08,9.78B,0.41%
5/27/2019,6098.97,6056.41,6114.53,6054.77,8.16B,0.69%
5/28/2019,6033.14,6101.84,6118.91,6033.14,11.09B,-1.08%
5/29/2019,6104.11,6059.53,6112.43,6054.57,8.15B,1.18%
5/31/2019,6209.12,6110.52,6209.12,6110.48,9.79B,1.72%
6/10/2019,6289.61,6277.29,6334.65,6276.28,9.77B,1.30%
6/11/2019,6305.99,6286.80,6310.00,6255.26,8.91B,0.26%
6/12/2019,6276.18,6270.35,6296.82,6257.44,9.31B,-0.47%
6/13/2019,6273.08,6282.61,6284.46,6250.12,9.86B,-0.05%
6/14/2019,6250.27,6278.03,6294.65,6234.99,8.88B,-0.36%
6/17/2019,6190.52,6259.54,6263.50,6190.52,9.75B,-0.96%
6/18/2019,6257.33,6195.13,6257.33,6195.13,9.73B,1.08%
6/19/2019,6339.26,6289.45,6339.26,6289.45,10.78B,1.31%
6/20/2019,6335.70,6346.01,6357.46,6311.25,9.64B,-0.06%
6/21/2019,6315.44,6343.48,6352.53,6269.69,11.52B,-0.32%
6/24/2019,6288.46,6307.93,6320.54,6280.22,11.75B,-0.43%
6/25/2019,6320.44,6312.10,6327.98,6308.00,10.73B,0.51%
6/26/2019,6310.49,6323.81,6334.18,6303.35,12.10B,-0.16%
6/27/2019,6352.71,6324.69,6357.93,6320.09,10.27B,0.67%
6/28/2019,6358.63,6367.02,6377.35,6351.51,10.95B,0.09%
7/1/2019,6379.69,6381.18,6395.63,6369.19,13.23B,0.33%
7/2/2019,6384.90,6388.22,6394.45,6365.37,13.28B,0.08%
7/3/2019,6362.62,6362.96,6385.37,6334.75,11.87B,-0.35%
7/4/2019,6375.97,6364.07,6385.13,6359.42,14.32B,0.21%
7/5/2019,6373.48,6373.32,6386.64,6362.92,13.65B,-0.04%
7/8/2019,6351.83,6360.21,6367.36,6324.72,11.01B,-0.34%
7/9/2019,6388.32,6351.48,6388.32,6351.42,12.44B,0.57%
7/10/2019,6410.68,6393.19,6412.82,6393.19,12.02B,0.35%
7/11/2019,6417.07,6424.63,6434.91,6397.22,12.69B,0.10%
7/12/2019,6373.35,6414.20,6425.32,6369.50,13.69B,-0.68%
7/15/2019,6418.23,6408.31,6439.19,6405.45,14.26B,0.70%
7/16/2019,6401.88,6414.73,6428.27,6389.40,12.41B,-0.25%
7/17/2019,6394.61,6395.46,6403.50,6377.50,14.65B,-0.11%
7/18/2019,6403.29,6385.06,6407.26,6375.62,15.54B,0.14%
7/19/2019,6456.54,6417.44,6456.54,6417.44,13.37B,0.83%
7/22/2019,6433.55,6461.41,6468.25,6420.35,12.97B,-0.36%
7/23/2019,6403.81,6443.71,6454.09,6396.67,13.32B,-0.46%
7/24/2019,6384.99,6413.32,6419.22,6380.01,15.40B,-0.29%
7/25/2019,6401.37,6392.39,6412.71,6386.29,12.84B,0.26%
7/26/2019,6325.24,6379.20,6385.59,6314.41,12.61B,-1.19%
7/29/2019,6299.04,6336.85,6349.37,6283.60,13.09B,-0.41%
7/30/2019,6377.00,6317.57,6377.00,6317.04,13.14B,1.24%
7/31/2019,6390.50,6362.11,6390.50,6349.00,11.77B,0.21%
8/1/2019,6381.54,6385.26,6404.58,6372.71,11.10B,-0.14%
8/2/2019,6340.18,6341.12,6353.11,6317.27,9.62B,-0.65%
8/5/2019,6175.70,6311.16,6315.06,6175.70,12.62B,-2.59%
8/6/2019,6119.47,6105.09,6157.76,6022.60,11.72B,-0.91%
8/7/2019,6204.19,6155.83,6221.66,6153.64,11.93B,1.38%
8/8/2019,6274.67,6224.90,6281.10,6224.90,11.23B,1.14%
8/9/2019,6282.13,6300.09,6319.44,6280.67,10.54B,0.12%
8/12/2019,6250.60,6300.67,6309.10,6245.28,9.82B,-0.50%
8/13/2019,6210.96,6251.31,6251.31,6198.07,10.61B,-0.63%
8/14/2019,6267.33,6255.51,6274.58,6240.20,11.69B,0.91%
8/15/2019,6257.59,6192.46,6257.59,6161.67,11.87B,-0.16%
8/16/2019,6286.66,6264.38,6292.38,6235.70,12.24B,0.46%
8/19/2019,6296.71,6310.63,6329.74,6284.78,10.75B,0.16%
8/20/2019,6295.74,6311.91,6317.69,6279.56,11.56B,-0.02%
8/21/2019,6252.97,6290.81,6308.35,6247.99,9.75B,-0.68%
8/22/2019,6239.25,6257.56,6265.96,6210.54,10.23B,-0.22%
8/23/2019,6255.60,6228.13,6255.60,6204.19,10.41B,0.26%
8/26/2019,6214.51,6193.23,6230.31,6149.02,12.06B,-0.66%
8/27/2019,6278.17,6244.57,6289.88,6223.74,11.77B,1.02%
8/28/2019,6281.65,6289.65,6306.33,6267.19,10.70B,0.06%
8/29/2019,6289.12,6288.19,6306.90,6276.42,11.20B,0.12%
8/30/2019,6328.47,6316.12,6329.88,6305.04,13.29B,0.63%
9/2/2019,6290.55,6331.15,6338.11,6281.60,12.65B,-0.60%
9/3/2019,6261.59,6293.36,6310.63,6248.80,12.28B,-0.46%
9/4/2019,6269.66,6266.76,6273.60,6239.00,11.19B,0.13%
9/5/2019,6306.80,6294.28,6307.35,6281.95,11.03B,0.59%
9/6/2019,6308.95,6329.41,6336.91,6305.02,11.42B,0.03%
9/9/2019,6326.21,6328.28,6333.90,6306.74,10.91B,0.27%
9/10/2019,6336.67,6331.73,6342.01,6311.34,11.32B,0.17%
9/11/2019,6381.95,6334.59,6381.95,6328.69,13.67B,0.71%
9/12/2019,6342.17,6399.00,6414.48,6337.52,11.20B,-0.62%
9/13/2019,6334.84,6369.42,6375.80,6318.92,10.67B,-0.12%
9/16/2019,6219.44,6262.29,6266.14,6193.51,10.28B,-1.82%
9/17/2019,6236.69,6215.24,6240.35,6205.30,11.24B,0.28%
9/18/2019,6276.63,6238.71,6276.63,6236.48,10.87B,0.64%
9/19/2019,6244.47,6274.18,6282.06,6242.89,10.69B,-0.51%
9/20/2019,6231.47,6248.97,6256.82,6213.24,13.42B,-0.21%
9/23/2019,6206.20,6240.14,6247.58,6197.39,11.87B,-0.41%
9/24/2019,6137.61,6188.77,6194.59,6115.95,9.01B,-1.11%
9/25/2019,6146.40,6121.49,6146.40,6086.00,9.17B,0.14%
9/26/2019,6230.33,6168.67,6230.33,6165.93,10.52B,1.37%
9/27/2019,6196.89,6213.93,6219.77,6191.66,11.24B,-0.54%
9/30/2019,6169.10,6190.37,6195.73,6152.50,9.33B,-0.45%
10/1/2019,6138.25,6163.98,6176.61,6134.77,9.92B,-0.50%
10/2/2019,6055.42,6124.44,6154.00,6051.69,11.62B,-1.35%
10/3/2019,6038.53,6033.03,6050.60,5997.69,12.11B,-0.28%
10/4/2019,6061.25,6052.75,6076.56,6046.13,11.19B,0.38%
10/7/2019,6000.58,6077.74,6084.17,5988.87,12.75B,-1.00%
10/8/2019,6039.60,6021.69,6046.46,6009.38,12.46B,0.65%
10/9/2019,6029.16,6030.46,6047.79,6017.36,11.18B,-0.17%
10/10/2019,6023.64,6023.98,6044.11,6018.45,8.92B,-0.09%
10/11/2019,6105.80,6033.32,6109.12,6033.32,10.54B,1.36%
10/14/2019,6126.88,6129.23,6153.58,6099.24,11.85B,0.35%
10/15/2019,6158.17,6130.30,6158.17,6118.26,11.87B,0.51%
10/16/2019,6169.59,6170.56,6183.58,6143.85,11.45B,0.19%
10/17/2019,6181.01,6169.90,6197.94,6161.39,11.92B,0.19%
10/18/2019,6191.95,6185.21,6201.17,6178.50,12.56B,0.18%
10/21/2019,6198.99,6207.89,6228.23,6187.36,14.64B,0.11%
10/22/2019,6225.50,6207.49,6229.40,6178.56,11.41B,0.43%
10/23/2019,6257.81,6224.42,6257.81,6197.95,13.59B,0.52%
10/24/2019,6339.65,6271.51,6339.65,6270.19,13.06B,1.31%
10/25/2019,6252.35,6342.61,6348.31,6243.25,15.13B,-1.38%
10/28/2019,6265.38,6256.79,6278.16,6243.35,14.50B,0.21%
10/29/2019,6281.14,6267.68,6281.14,6245.94,14.85B,0.25%
10/30/2019,6295.75,6302.09,6304.05,6264.94,13.96B,0.23%
10/31/2019,6228.32,6290.57,6301.59,6216.29,16.40B,-1.07%
11/1/2019,6207.19,6225.81,6228.41,6193.89,14.21B,-0.34%
11/4/2019,6180.34,6219.13,6242.08,6180.34,10.40B,-0.43%
11/5/2019,6264.15,6204.44,6264.15,6195.30,9.60B,1.36%
11/6/2019,6217.54,6273.92,6274.29,6198.50,7.03B,-0.74%
11/7/2019,6165.62,6234.60,6235.64,6119.42,6.73B,-0.84%
11/8/2019,6177.99,6165.77,6180.20,6139.82,6.07B,0.20%
11/11/2019,6148.74,6171.44,6182.82,6127.88,4.73B,-0.47%
11/12/2019,6180.99,6135.49,6180.99,6133.53,5.77B,0.52%
11/13/2019,6142.50,6177.66,6183.83,6132.25,5.19B,-0.62%
11/14/2019,6098.95,6137.54,6146.40,6062.98,7.22B,-0.71%
11/15/2019,6128.35,6115.76,6137.36,6092.62,4.62B,0.48%
11/18/2019,6122.63,6126.41,6134.31,6098.08,4.71B,-0.09%
11/19/2019,6152.09,6136.94,6152.09,6113.33,5.14B,0.48%
11/20/2019,6155.11,6136.25,6167.41,6123.58,5.17B,0.05%
11/21/2019,6117.36,6135.76,6137.27,6099.57,5.08B,-0.61%
11/22/2019,6100.24,6115.79,6122.48,6086.83,5.14B,-0.28%
11/25/2019,6070.76,6094.75,6105.10,6052.27,4.85B,-0.48%
11/26/2019,6026.19,6091.24,6096.66,6026.19,8.12B,-0.73%
11/27/2019,6023.04,6025.94,6052.49,6002.99,5.74B,-0.05%
11/28/2019,5953.06,6013.27,6036.83,5945.75,5.17B,-1.16%
11/29/2019,6011.83,5949.88,6015.70,5939.40,5.10B,0.99%
12/2/2019,6130.06,6023.61,6130.06,6023.01,5.26B,1.97%
12/3/2019,6133.90,6119.90,6148.37,6107.64,5.26B,0.06%
12/4/2019,6112.88,6121.33,6127.98,6095.31,5.03B,-0.34%
12/5/2019,6152.12,6132.04,6157.93,6131.59,5.23B,0.64%
12/6/2019,6186.87,6160.78,6186.87,6145.12,4.91B,0.56%
12/9/2019,6193.79,6194.08,6210.78,6180.84,5.48B,0.11%
12/10/2019,6183.50,6186.75,6205.13,6179.52,5.11B,-0.17%
12/11/2019,6180.10,6190.58,6204.60,6171.93,4.96B,-0.06%
12/12/2019,6139.40,6185.42,6201.02,6139.40,5.18B,-0.66%
12/13/2019,6197.32,6181.06,6197.32,6167.64,4.85B,0.94%
12/16/2019,6211.59,6197.31,6237.92,6197.31,5.53B,0.23%
12/17/2019,6244.35,6223.44,6244.35,6205.63,5.33B,0.53%
12/18/2019,6287.25,6243.32,6287.25,6219.33,4.99B,0.69%
12/19/2019,6249.93,6274.39,6281.42,6235.84,4.76B,-0.59%
12/20/2019,6284.37,6257.16,6284.37,6231.47,5.28B,0.55%
12/23/2019,6305.91,6309.67,6315.72,6270.54,3.91B,0.34%
12/26/2019,6319.44,6303.06,6326.27,6303.06,3.36B,0.21%
12/27/2019,6329.31,6321.57,6337.34,6312.38,4.21B,0.16%
12/30/2019,6299.54,6329.13,6336.92,6289.55,4.76B,-0.47%
