Date,Open,High,Low,Price,Adj. close,Vol.,Change %
28-Feb-20,3988.73,4031.15,3928.07,3940.05,,230.28K,-3.55%
27-Feb-20,4084.08,4110.51,4067.44,4084.88,,181.29K,0.29%
26-Feb-20,4070.10,4132.78,4061.12,4073.02,,261.09K,-1.23%
25-Feb-20,4066.30,4126.71,4020.91,4123.85,,244.17K,-0.22%
24-Feb-20,4131.84,4149.01,4097.18,4132.84,,212.87K,-0.40%
21-Feb-20,4134.87,4184.44,4130.17,4149.49,,217.21K,0.12%
20-Feb-20,4062.90,4148.53,4055.81,4144.66,,212.23K,2.30%
19-Feb-20,4049.59,4085.17,4042.85,4051.31,,169.05K,-0.15%
18-Feb-20,4069.83,4076.39,4027.79,4057.51,,163.24K,-0.49%
17-Feb-20,3999.65,4077.45,3999.65,4077.42,,182.78K,2.25%
14-Feb-20,3954.23,4001.56,3954.02,3987.73,,143.24K,0.70%
13-Feb-20,3985.88,3999.55,3950.14,3959.92,,145.00K,-0.62%
12-Feb-20,3945.67,3984.43,3940.67,3984.43,,126.71K,0.81%
11-Feb-20,3926.42,3970.52,3915.71,3952.46,,143.44K,0.93%
10-Feb-20,3872.37,3920.17,3861.01,3916.01,,148.41K,0.41%
7-Feb-20,3879.55,3899.88,3849.71,3899.87,,151.73K,0.00%
6-Feb-20,3841.75,3914.91,3806.96,3899.78,,176.46K,1.86%
5-Feb-20,3801.10,3866.01,3781.61,3828.53,,174.93K,1.13%
4-Feb-20,3652.00,3786.86,3652.00,3785.64,,213.93K,2.64%
3-Feb-20,3639.91,3732.16,3639.91,3688.36,,157.56K,-7.88%
23-Jan-20,4093.32,4103.52,3972.39,4003.90,,160.36K,-3.10%
22-Jan-20,4093.80,4141.18,4046.49,4131.93,,126.76K,0.43%
21-Jan-20,4165.02,4165.02,4113.33,4114.31,,130.53K,-1.71%
20-Jan-20,4170.74,4185.96,4149.49,4185.83,,122.41K,0.75%
17-Jan-20,4162.19,4177.03,4141.64,4154.85,,98.73K,0.14%
16-Jan-20,4174.82,4175.29,4142.18,4149.04,,100.27K,-0.42%
15-Jan-20,4186.88,4193.87,4150.88,4166.73,,104.63K,-0.55%
14-Jan-20,4215.16,4223.51,4188.08,4189.89,,129.32K,-0.34%
13-Jan-20,4166.93,4203.99,4148.60,4203.99,,119.69K,0.98%
10-Jan-20,4177.58,4180.98,4148.48,4163.18,,113.03K,-0.03%
9-Jan-20,4145.53,4165.66,4143.59,4164.37,,136.89K,1.27%
8-Jan-20,4139.63,4149.81,4101.98,4112.32,,167.59K,-1.15%
7-Jan-20,4137.40,4161.25,4135.10,4160.23,,139.49K,0.75%
6-Jan-20,4120.52,4170.64,4102.38,4129.30,,175.31K,-0.38%
3-Jan-20,4161.22,4164.30,4131.86,4144.96,,142.83K,-0.18%
2-Jan-20,4121.35,4172.66,4121.35,4152.24,,182.12K,1.36%
31-Dec-19,4077.75,4098.14,4069.01,4096.58,,123.26K,0.37%
30-Dec-19,4015.52,4083.69,4001.50,4081.63,,155.97K,1.48%
27-Dec-19,4029.25,4066.80,4019.72,4022.03,,150.93K,-0.10%
26-Dec-19,3993.67,4025.99,3993.54,4025.99,,108.86K,0.88%
25-Dec-19,3988.66,4000.56,3976.36,3990.87,,94.94K,-0.05%
24-Dec-19,3971.56,3994.51,3963.67,3992.96,,95.99K,0.65%
23-Dec-19,4014.69,4032.17,3964.38,3967.10,,122.82K,-1.25%
20-Dec-19,4032.15,4046.73,4014.93,4017.25,,121.27K,-0.25%
19-Dec-19,4034.62,4038.54,4014.90,4027.15,,117.90K,-0.14%
18-Dec-19,4039.72,4057.64,4025.34,4032.78,,151.35K,-0.22%
17-Dec-19,3987.74,4067.14,3984.52,4041.80,,201.16K,1.36%
16-Dec-19,3970.71,3987.59,3953.51,3987.55,,148.49K,0.49%
13-Dec-19,3928.00,3969.46,3925.28,3968.22,,148.57K,1.98%
12-Dec-19,3908.45,3908.45,3886.12,3891.02,,84.71K,-0.30%
11-Dec-19,3907.16,3909.39,3890.34,3902.75,,99.77K,0.06%
10-Dec-19,3886.44,3900.96,3882.09,3900.38,,86.26K,0.13%
9-Dec-19,3909.53,3911.97,3885.25,3895.45,,95.35K,-0.18%
6-Dec-19,3885.06,3902.39,3878.70,3902.39,,78.65K,0.59%
5-Dec-19,3863.61,3883.40,3859.82,3879.36,,89.05K,0.77%
4-Dec-19,3841.66,3852.99,3831.07,3849.82,,79.68K,-0.03%
3-Dec-19,3829.21,3851.12,3811.63,3851.09,,73.61K,0.39%
2-Dec-19,3835.51,3854.75,3829.31,3836.06,,77.41K,0.19%
29-Nov-19,3857.19,3861.66,3804.83,3828.67,,74.14K,-0.87%
28-Nov-19,3877.90,3887.69,3852.01,3862.30,,65.23K,-0.34%
27-Nov-19,3883.43,3889.98,3862.70,3875.62,,76.44K,-0.41%
26-Nov-19,3893.43,3899.11,3869.59,3891.65,,111.51K,0.35%
25-Nov-19,3850.97,3878.25,3839.42,3878.21,,106.07K,0.73%
22-Nov-19,3894.17,3918.84,3833.50,3849.99,,91.04K,-1.02%
21-Nov-19,3894.54,3901.83,3875.97,3889.60,,69.13K,-0.47%
20-Nov-19,3940.13,3943.23,3901.99,3907.86,,76.82K,-0.99%
19-Nov-19,3904.10,3947.04,3902.38,3947.04,,82.16K,1.00%
18-Nov-19,3874.44,3913.10,3868.32,3907.93,,76.65K,0.80%
15-Nov-19,3908.49,3915.10,3877.09,3877.09,,83.73K,-0.74%
14-Nov-19,3905.93,3916.95,3895.14,3905.86,,87.01K,0.15%
13-Nov-19,3905.28,3908.42,3882.43,3899.98,,76.75K,-0.10%
12-Nov-19,3905.96,3914.88,3877.74,3903.69,,76.54K,0.02%
11-Nov-19,3948.62,3948.62,3897.55,3902.98,,94.16K,-1.76%
8-Nov-19,4017.67,4022.04,3971.57,3973.01,,97.11K,-0.47%
7-Nov-19,3984.55,4005.38,3975.55,3991.87,,87.26K,0.18%
6-Nov-19,4006.33,4007.50,3973.78,3984.88,,97.31K,-0.45%
5-Nov-19,3982.12,4030.64,3970.87,4002.81,,112.91K,0.62%
4-Nov-19,3964.01,3985.36,3964.01,3978.12,,104.19K,0.65%
1-Nov-19,3883.81,3956.08,3876.42,3952.39,,100.69K,1.69%
31-Oct-19,3906.86,3907.15,3878.88,3886.75,,86.72K,-0.12%
30-Oct-19,3904.72,3908.10,3883.45,3891.23,,77.87K,-0.49%
29-Oct-19,3929.71,3932.37,3910.23,3910.23,,82.26K,-0.42%
28-Oct-19,3904.98,3927.80,3897.82,3926.59,,97.41K,0.76%
25-Oct-19,3871.77,3899.72,3849.03,3896.79,,77.45K,0.67%
24-Oct-19,3877.92,3890.20,3852.58,3870.67,,71.34K,-0.01%
23-Oct-19,3892.68,3901.42,3862.20,3871.08,,70.20K,-0.64%
22-Oct-19,3896.31,3897.44,3870.55,3895.88,,68.92K,0.39%
21-Oct-19,3865.34,3884.74,3856.04,3880.84,,74.18K,0.30%
18-Oct-19,3935.42,3940.54,3864.97,3869.38,,82.32K,-1.42%
17-Oct-19,3929.39,3935.81,3913.92,3925.22,,64.86K,0.06%
16-Oct-19,3939.28,3964.05,3919.02,3922.69,,83.23K,-0.34%
15-Oct-19,3953.16,3953.16,3928.15,3936.25,,85.27K,-0.43%
14-Oct-19,3944.86,3983.81,3934.73,3953.24,,122.39K,1.06%
11-Oct-19,3885.52,3922.37,3868.84,3911.73,,93.41K,0.96%
10-Oct-19,3838.49,3877.14,3829.43,3874.64,,79.22K,0.82%
9-Oct-19,3822.61,3845.34,3805.07,3843.24,,75.86K,0.14%
8-Oct-19,3818.59,3861.64,3818.59,3837.68,,76.66K,0.61%
30-Sep-19,3842.07,3857.23,3813.55,3814.53,,65.93K,-0.99%
27-Sep-19,3843.46,3859.50,3832.25,3852.65,,74.00K,0.30%
26-Sep-19,3884.70,3890.75,3840.25,3841.14,,102.70K,-0.77%
25-Sep-19,3887.55,3889.84,3867.23,3870.98,,89.52K,-0.77%
24-Sep-19,3895.87,3927.01,3886.14,3901.08,,87.78K,0.27%
23-Sep-19,3925.19,3925.19,3868.21,3890.66,,94.04K,-1.14%
20-Sep-19,3933.46,3942.22,3921.41,3935.65,,103.46K,0.29%
19-Sep-19,3923.96,3924.38,3897.07,3924.38,,85.98K,0.37%
18-Sep-19,3902.99,3923.15,3902.51,3910.08,,82.06K,0.48%
17-Sep-19,3947.16,3947.16,3879.49,3891.22,,113.69K,-1.68%
16-Sep-19,3981.36,3982.20,3943.37,3957.72,,110.26K,-0.37%
12-Sep-19,3944.69,3975.93,3933.44,3972.38,,110.24K,1.08%
11-Sep-19,3969.68,3971.22,3922.95,3930.10,,131.60K,-0.74%
10-Sep-19,3976.87,3976.92,3938.74,3959.26,,130.89K,-0.34%
9-Sep-19,3980.96,3985.24,3954.88,3972.95,,146.81K,0.62%
6-Sep-19,3946.69,3948.54,3922.34,3948.51,,121.88K,0.59%
5-Sep-19,3909.21,3970.00,3909.21,3925.32,,181.66K,1.01%
4-Sep-19,3848.65,3886.00,3846.42,3886.00,,126.63K,0.84%
3-Sep-19,3852.58,3856.68,3833.76,3853.61,,97.72K,0.14%
2-Sep-19,3803.69,3855.78,3799.82,3848.32,,110.29K,1.28%
30-Aug-19,3816.68,3828.97,3778.92,3799.59,,96.70K,0.25%
29-Aug-19,3805.49,3808.60,3774.40,3790.19,,84.08K,-0.33%
28-Aug-19,3818.81,3822.59,3790.14,3802.58,,88.75K,-0.38%
27-Aug-19,3791.46,3848.24,3790.87,3816.95,,124.73K,1.36%
26-Aug-19,3756.36,3778.87,3753.16,3765.91,,93.86K,-1.44%
23-Aug-19,3796.88,3829.36,3788.03,3820.86,,87.96K,0.72%
22-Aug-19,3793.86,3797.33,3771.20,3793.51,,85.81K,0.31%
21-Aug-19,3778.31,3792.60,3775.45,3781.76,,82.30K,-0.16%
20-Aug-19,3786.03,3799.90,3778.73,3787.73,,108.60K,-0.09%
19-Aug-19,3736.03,3791.09,3720.69,3791.09,,139.33K,2.17%
16-Aug-19,3697.94,3738.10,3687.08,3710.54,,88.32K,0.45%
15-Aug-19,3618.01,3694.30,3612.11,3694.00,,88.60K,0.32%
14-Aug-19,3712.07,3717.56,3680.61,3682.40,,91.20K,0.45%
13-Aug-19,3675.59,3686.43,3658.01,3665.75,,76.50K,-0.90%
12-Aug-19,3647.87,3699.10,3643.32,3699.10,,82.08K,1.80%
9-Aug-19,3686.75,3689.18,3628.12,3633.53,,85.30K,-0.97%
8-Aug-19,3651.36,3675.46,3646.94,3669.29,,88.46K,1.32%
7-Aug-19,3654.63,3659.08,3621.43,3621.43,,84.24K,-0.41%
6-Aug-19,3609.11,3649.90,3575.86,3636.33,,129.83K,-1.07%
5-Aug-19,3724.41,3739.50,3675.69,3675.69,,101.33K,-1.91%
2-Aug-19,3729.13,3754.53,3720.06,3747.44,,108.34K,-1.47%
1-Aug-19,3819.32,3831.26,3791.55,3803.47,,84.11K,-0.83%
31-Jul-19,3856.74,3856.74,3830.09,3835.36,,82.15K,-0.90%
30-Jul-19,3861.57,3890.73,3861.57,3870.32,,94.12K,0.42%
29-Jul-19,3857.94,3862.75,3842.43,3854.27,,84.81K,-0.11%
26-Jul-19,3835.23,3863.59,3832.52,3858.57,,83.26K,0.19%
25-Jul-19,3821.39,3851.07,3812.95,3851.07,,93.74K,0.82%
24-Jul-19,3803.59,3840.06,3803.57,3819.83,,90.94K,0.79%
23-Jul-19,3783.54,3792.96,3768.76,3789.91,,71.31K,0.22%
22-Jul-19,3813.50,3816.54,3765.44,3781.68,,92.10K,-0.69%
19-Jul-19,3787.51,3828.15,3787.51,3807.96,,88.09K,1.05%
18-Jul-19,3793.19,3793.39,3768.00,3768.40,,87.50K,-0.95%
17-Jul-19,3800.11,3820.27,3787.90,3804.64,,95.18K,-0.06%
16-Jul-19,3819.25,3828.33,3799.87,3806.84,,80.73K,-0.45%
15-Jul-19,3792.64,3844.87,3745.85,3824.19,,101.21K,0.41%
12-Jul-19,3783.07,3820.24,3774.52,3808.73,,75.47K,0.62%
11-Jul-19,3806.19,3830.74,3774.41,3785.22,,75.31K,-0.04%
10-Jul-19,3807.95,3810.40,3774.23,3786.74,,72.83K,-0.17%
9-Jul-19,3798.10,3811.10,3774.76,3793.13,,74.84K,-0.25%
8-Jul-19,3875.75,3875.75,3775.03,3802.79,,109.54K,-2.32%
5-Jul-19,3875.37,3900.31,3857.93,3893.20,,74.01K,0.52%
4-Jul-19,3895.20,3906.89,3854.69,3873.10,,99.34K,-0.52%
3-Jul-19,3927.44,3927.44,3878.84,3893.53,,111.99K,-1.11%
2-Jul-19,3931.05,3942.43,3918.94,3937.17,,131.86K,0.03%
1-Jul-19,3899.33,3936.67,3886.91,3935.81,,158.37K,2.88%
28-Jun-19,3832.06,3835.23,3803.05,3825.59,,84.77K,-0.24%
27-Jun-19,3807.54,3854.08,3805.83,3834.82,,105.32K,1.07%
26-Jun-19,3779.51,3809.76,3771.72,3794.33,,81.82K,-0.18%
25-Jun-19,3837.43,3838.06,3755.01,3801.31,,124.08K,-1.04%
24-Jun-19,3836.31,3853.55,3819.77,3841.27,,100.09K,0.19%
21-Jun-19,3832.73,3856.09,3817.31,3833.94,,153.64K,0.14%
20-Jun-19,3718.94,3845.79,3717.19,3828.52,,168.87K,3.03%
19-Jun-19,3761.34,3771.35,3715.13,3715.94,,125.60K,1.32%
18-Jun-19,3661.13,3675.65,3638.78,3667.62,,70.69K,0.35%
17-Jun-19,3654.44,3683.77,3645.50,3654.82,,72.98K,0.00%
14-Jun-19,3690.48,3709.65,3650.91,3654.88,,101.82K,-0.83%
13-Jun-19,3689.58,3697.59,3654.27,3685.39,,96.33K,-0.15%
12-Jun-19,3706.86,3711.88,3683.94,3691.10,,119.18K,-0.76%
11-Jun-19,3617.52,3723.14,3617.52,3719.28,,143.48K,3.01%
10-Jun-19,3578.01,3623.73,3568.28,3610.74,,92.38K,1.29%
6-Jun-19,3601.04,3601.04,3557.02,3564.68,,85.53K,-0.90%
5-Jun-19,3627.79,3634.45,3593.95,3597.11,,88.64K,-0.04%
4-Jun-19,3632.56,3636.13,3584.46,3598.47,,87.10K,-0.92%
3-Jun-19,3640.61,3672.81,3613.13,3632.01,,100.72K,0.06%
31-May-19,3641.00,3668.18,3627.54,3629.79,,89.22K,-0.31%
30-May-19,3648.85,3650.97,3612.62,3641.18,,94.20K,-0.62%
29-May-19,3642.54,3693.23,3637.35,3663.91,,93.36K,-0.23%
28-May-19,3633.02,3683.23,3627.79,3672.26,,117.89K,0.96%
27-May-19,3592.60,3648.03,3556.26,3637.20,,108.83K,1.20%
24-May-19,3584.90,3623.39,3580.79,3593.91,,80.93K,0.28%
23-May-19,3629.53,3631.47,3578.11,3583.96,,99.90K,-1.79%
22-May-19,3663.15,3679.27,3634.75,3649.38,,98.35K,-0.47%
21-May-19,3619.44,3690.09,3610.68,3666.78,,111.02K,1.35%
20-May-19,3635.74,3644.50,3583.83,3617.79,,108.96K,-0.85%
17-May-19,3744.88,3745.36,3637.58,3648.76,,128.45K,-2.54%
16-May-19,3720.04,3745.14,3707.90,3743.96,,116.26K,0.45%
15-May-19,3674.99,3741.04,3674.99,3727.09,,110.16K,2.25%
14-May-19,3630.44,3683.26,3630.44,3645.15,,102.31K,-0.64%
13-May-19,3675.76,3702.90,3658.00,3668.73,,103.39K,-1.65%
10-May-19,3643.06,3732.92,3589.29,3730.45,,148.00K,3.63%
9-May-19,3637.35,3656.90,3584.82,3599.70,,101.04K,-1.85%
8-May-19,3648.55,3722.93,3642.50,3667.46,,112.87K,-1.43%
7-May-19,3702.27,3738.18,3671.83,3720.67,,132.85K,0.98%
6-May-19,3775.08,3791.61,3647.14,3684.62,,197.47K,-5.84%
30-Apr-19,3887.18,3923.11,3885.15,3913.21,,116.23K,0.33%
29-Apr-19,3896.58,3953.23,3875.45,3900.33,,153.87K,0.28%
26-Apr-19,3921.89,3943.83,3887.25,3889.27,,142.01K,-1.33%
25-Apr-19,4013.60,4022.56,3938.33,3941.82,,159.72K,-2.19%
24-Apr-19,4033.63,4044.34,3967.81,4030.09,,145.50K,0.28%
23-Apr-19,4021.63,4061.09,4005.28,4019.01,,155.61K,-0.16%
22-Apr-19,4125.97,4126.09,4015.47,4025.61,,189.35K,-2.31%
19-Apr-19,4076.30,4120.64,4046.20,4120.61,,150.80K,1.19%
18-Apr-19,4085.11,4094.05,4056.24,4072.08,,146.56K,-0.37%
17-Apr-19,4080.72,4106.62,4057.50,4087.24,,180.37K,0.04%
16-Apr-19,3958.10,4085.79,3943.49,4085.79,,202.04K,2.77%
15-Apr-19,4056.49,4085.39,3974.23,3975.52,,182.65K,-0.33%
12-Apr-19,3986.78,4006.93,3961.46,3988.62,,135.86K,-0.22%
11-Apr-19,4083.46,4097.12,3990.24,3997.58,,169.05K,-2.16%
10-Apr-19,4062.44,4115.38,4035.47,4085.85,,194.69K,0.26%
9-Apr-19,4063.81,4084.24,4038.28,4075.43,,182.96K,0.45%
8-Apr-19,4097.10,4122.60,4017.49,4057.23,,267.51K,-0.12%
4-Apr-19,4039.74,4072.11,4021.71,4062.23,,260.41K,1.00%
3-Apr-19,3947.87,4026.50,3939.78,4022.16,,231.92K,1.28%
2-Apr-19,3986.34,3988.10,3956.51,3971.29,,226.00K,-0.07%
1-Apr-19,3901.17,3982.91,3901.17,3973.93,,271.38K,2.62%
29-Mar-19,3739.77,3876.38,3739.77,3872.34,,215.64K,3.86%
28-Mar-19,3731.06,3755.72,3710.08,3728.40,,133.27K,-0.40%
27-Mar-19,3724.41,3750.26,3703.45,3743.39,,138.76K,1.16%
26-Mar-19,3766.53,3770.84,3687.55,3700.44,,173.05K,-1.13%
25-Mar-19,3776.44,3807.18,3741.61,3742.83,,198.59K,-2.37%
22-Mar-19,3838.13,3845.58,3786.59,3833.80,,171.36K,-0.08%
21-Mar-19,3840.28,3864.07,3823.47,3836.89,,196.31K,0.04%
20-Mar-19,3825.34,3855.15,3790.51,3835.44,,175.63K,0.04%
19-Mar-19,3856.59,3868.34,3815.22,3833.96,,181.73K,-0.46%
18-Mar-19,3753.64,3851.75,3733.68,3851.75,,216.93K,2.85%
15-Mar-19,3713.94,3782.24,3713.94,3745.01,,175.18K,1.26%
14-Mar-19,3710.29,3747.82,3673.85,3698.49,,190.82K,-0.69%
13-Mar-19,3758.71,3763.09,3708.81,3724.19,,233.68K,-0.83%
12-Mar-19,3758.32,3804.72,3723.68,3755.35,,274.93K,0.68%
11-Mar-19,3663.98,3731.91,3650.81,3729.95,,230.91K,1.98%
8-Mar-19,3721.40,3774.54,3656.19,3657.58,,317.99K,-3.97%
7-Mar-19,3841.15,3845.18,3778.80,3808.85,,329.85K,-1.02%
6-Mar-19,3822.86,3855.16,3787.52,3848.09,,318.08K,0.84%
5-Mar-19,3785.38,3816.16,3770.79,3816.01,,230.85K,0.58%
4-Mar-19,3783.04,3886.58,3764.78,3794.10,,323.49K,1.18%
1-Mar-19,3699.22,3749.71,3668.77,3749.71,,204.71K,2.19%
28-Feb-19,3675.26,3695.46,3650.05,3669.37,,184.81K,-0.25%
27-Feb-19,3682.81,3737.63,3638.33,3678.39,,286.24K,-0.17%
26-Feb-19,3734.71,3762.11,3679.27,3684.69,,358.04K,-1.20%
25-Feb-19,3575.85,3729.48,3574.69,3729.48,,342.56K,5.95%
22-Feb-19,3439.38,3520.12,3417.98,3520.12,,187.24K,2.25%
21-Feb-19,3450.14,3500.25,3431.63,3442.71,,180.14K,-0.27%
20-Feb-19,3449.93,3463.77,3421.51,3451.93,,147.39K,0.36%
19-Feb-19,3454.72,3480.79,3419.07,3439.61,,179.08K,-0.18%
18-Feb-19,3366.42,3445.74,3366.42,3445.74,,182.89K,3.21%
15-Feb-19,3391.24,3395.03,3335.87,3338.70,,143.67K,-1.86%
14-Feb-19,3392.85,3415.40,3381.98,3402.14,,151.13K,0.15%
13-Feb-19,3337.78,3405.58,3329.14,3397.03,,163.83K,2.00%
12-Feb-19,3306.35,3335.36,3298.63,3330.34,,122.23K,0.72%
11-Feb-19,3239.81,3307.06,3239.81,3306.47,,98.82K,1.82%
1-Feb-19,3225.73,3247.50,3207.72,3247.40,,82.02K,1.43%
31-Jan-19,3182.70,3216.07,3178.01,3201.63,,86.25K,1.05%
30-Jan-19,3181.66,3202.90,3167.89,3168.48,,63.75K,-0.80%
29-Jan-19,3177.26,3200.99,3148.23,3193.97,,77.66K,0.32%
28-Jan-19,3203.12,3228.87,3174.72,3183.78,,82.62K,-0.02%
25-Jan-19,3165.18,3203.17,3164.41,3184.47,,83.97K,0.81%
24-Jan-19,3146.60,3165.63,3125.30,3158.78,,72.94K,0.56%
23-Jan-19,3136.10,3157.63,3131.87,3141.05,,59.87K,-0.07%
22-Jan-19,3181.95,3181.95,3135.34,3143.32,,72.99K,-1.33%
21-Jan-19,3170.88,3199.21,3170.88,3185.64,,93.92K,0.55%
18-Jan-19,3124.50,3171.69,3120.35,3168.17,,103.96K,1.82%
17-Jan-19,3132.63,3141.71,3110.06,3111.42,,80.18K,-0.55%
16-Jan-19,3126.13,3135.01,3117.29,3128.65,,80.21K,0.02%
15-Jan-19,3071.52,3129.37,3064.67,3127.99,,88.77K,1.96%
14-Jan-19,3092.50,3097.41,3064.38,3067.78,,66.12K,-0.87%
11-Jan-19,3082.26,3102.83,3071.03,3094.78,,71.79K,0.72%
10-Jan-19,3077.48,3092.54,3062.57,3072.69,,85.27K,-0.19%
9-Jan-19,3065.23,3117.96,3062.85,3078.48,,107.36K,1.01%
8-Jan-19,3049.87,3055.51,3038.53,3047.70,,86.17K,-0.22%
7-Jan-19,3055.15,3061.75,3035.91,3054.30,,101.16K,0.61%
4-Jan-19,2940.19,3036.81,2935.83,3035.87,,103.32K,2.40%
3-Jan-19,2963.02,3000.44,2953.25,2964.84,,70.87K,-0.16%
2-Jan-19,3017.07,3018.78,2958.49,2969.54,,68.66K,-1.37%
28-Dec-18,2994.80,3024.35,2984.82,3010.65,,71.05K,0.67%
27-Dec-18,3042.95,3047.23,2990.51,2990.51,,80.54K,-0.38%
26-Dec-18,3012.87,3029.06,2996.48,3002.03,,55.65K,-0.51%
25-Dec-18,3006.88,3030.14,2964.88,3017.28,,78.69K,-0.69%
24-Dec-18,3015.50,3040.35,3007.33,3038.20,,57.30K,0.29%
21-Dec-18,3055.33,3057.40,3007.61,3029.40,,76.76K,-1.24%
20-Dec-18,3083.54,3097.72,3044.29,3067.42,,69.75K,-0.77%
19-Dec-18,3133.74,3137.01,3086.76,3091.13,,55.52K,-1.19%
18-Dec-18,3139.95,3165.00,3114.47,3128.43,,63.82K,-1.04%
17-Dec-18,3158.28,3167.51,3134.37,3161.20,,66.50K,-0.15%
14-Dec-18,3207.35,3210.72,3165.91,3165.91,,84.30K,-1.67%
13-Dec-18,3178.89,3234.08,3169.42,3219.69,,90.44K,1.55%
12-Dec-18,3181.57,3182.21,3160.28,3170.61,,53.31K,0.34%
11-Dec-18,3148.23,3161.96,3143.61,3159.82,,53.22K,0.48%
10-Dec-18,3153.52,3170.15,3134.38,3144.76,,63.44K,-1.16%
7-Dec-18,3187.49,3193.82,3176.71,3181.56,,53.36K,0.00%
6-Dec-18,3218.11,3223.52,3179.89,3181.67,,76.33K,-2.16%
5-Dec-18,3224.26,3266.90,3219.98,3252.00,,76.15K,-0.48%
4-Dec-18,3256.23,3267.94,3243.70,3267.71,,79.42K,0.21%
3-Dec-18,3260.69,3273.64,3228.36,3260.95,,121.49K,2.78%
30-Nov-18,3136.20,3175.15,3132.42,3172.69,,70.92K,1.12%
29-Nov-18,3198.83,3204.86,3137.65,3137.65,,80.50K,-1.30%
28-Nov-18,3137.75,3179.41,3126.62,3178.93,,74.88K,1.33%
27-Nov-18,3152.77,3162.01,3126.29,3137.24,,55.41K,-0.13%
26-Nov-18,3148.67,3169.44,3131.64,3141.24,,59.38K,-0.07%
23-Nov-18,3208.59,3212.20,3139.39,3143.48,,84.64K,-2.21%
22-Nov-18,3232.97,3235.45,3199.70,3214.43,,65.10K,-0.37%
21-Nov-18,3187.10,3230.26,3185.24,3226.49,,84.12K,0.25%
20-Nov-18,3268.08,3278.78,3213.68,3218.41,,109.36K,-2.31%
19-Nov-18,3258.79,3294.60,3251.07,3294.60,,115.96K,1.13%
16-Nov-18,3242.88,3282.39,3223.72,3257.67,,126.88K,0.47%
15-Nov-18,3201.28,3242.38,3198.78,3242.37,,98.56K,1.17%
14-Nov-18,3233.64,3239.24,3200.23,3204.94,,113.81K,-1.00%
13-Nov-18,3164.92,3254.77,3161.10,3237.38,,126.49K,1.01%
12-Nov-18,3160.25,3206.51,3152.44,3205.14,,88.06K,1.19%
9-Nov-18,3193.30,3193.30,3166.31,3167.44,,84.28K,-1.41%
8-Nov-18,3251.73,3253.57,3207.71,3212.77,,76.42K,-0.28%
7-Nov-18,3243.88,3270.50,3218.42,3221.91,,91.62K,-0.65%
6-Nov-18,3254.98,3254.98,3213.89,3243.15,,83.87K,-0.60%
5-Nov-18,3269.47,3279.88,3230.36,3262.84,,109.71K,-0.83%
2-Nov-18,3258.61,3290.25,3222.44,3290.25,,153.47K,3.56%
1-Nov-18,3185.20,3217.80,3173.10,3177.03,,132.65K,0.74%
31-Oct-18,3116.66,3168.92,3106.03,3153.82,,111.21K,1.40%
30-Oct-18,3061.93,3146.63,3050.77,3110.26,,116.07K,1.08%
29-Oct-18,3157.49,3158.81,3062.58,3076.89,,91.84K,-3.05%
26-Oct-18,3204.28,3218.10,3151.92,3173.64,,101.30K,-0.65%
25-Oct-18,3107.84,3197.32,3099.89,3194.31,,106.95K,0.19%
24-Oct-18,3169.46,3245.40,3164.29,3188.20,,110.91K,0.15%
23-Oct-18,3273.13,3276.02,3163.57,3183.43,,121.01K,-2.66%
22-Oct-18,3159.56,3297.38,3159.56,3270.27,,145.86K,4.32%
19-Oct-18,3017.75,3137.75,3009.50,3134.95,,98.84K,2.97%
18-Oct-18,3097.79,3097.79,3043.38,3044.39,,73.77K,-2.37%
17-Oct-18,3140.68,3149.13,3062.55,3118.25,,76.84K,0.56%
16-Oct-18,3128.58,3166.09,3089.37,3100.97,,68.89K,-0.81%
15-Oct-18,3173.85,3183.13,3120.23,3126.45,,69.61K,-1.40%
12-Oct-18,3123.37,3184.12,3094.97,3170.73,,98.61K,1.49%
11-Oct-18,3179.54,3209.52,3099.04,3124.11,,120.94K,-4.80%
10-Oct-18,3295.43,3315.73,3256.58,3281.60,,64.49K,-0.22%
9-Oct-18,3290.17,3309.80,3276.13,3288.69,,66.72K,-0.07%
8-Oct-18,3361.56,3364.46,3285.25,3290.90,,97.89K,-4.30%
28-Sep-18,3409.96,3444.99,3404.70,3438.86,,84.38K,1.04%
27-Sep-18,3415.95,3423.71,3394.73,3403.59,,69.77K,-0.40%
26-Sep-18,3388.56,3448.26,3383.24,3417.24,,93.17K,1.11%
25-Sep-18,3375.97,3394.38,3367.03,3379.80,,69.06K,-0.90%
21-Sep-18,3320.70,3410.49,3307.77,3410.49,,108.42K,3.03%
20-Sep-18,3314.88,3332.31,3303.07,3310.13,,64.56K,-0.07%
19-Sep-18,3262.00,3335.99,3258.31,3312.48,,89.17K,1.32%
18-Sep-18,3193.64,3270.11,3193.64,3269.43,,70.43K,2.01%
17-Sep-18,3224.93,3230.79,3200.51,3204.92,,52.26K,-1.15%
14-Sep-18,3242.83,3254.10,3227.94,3242.09,,60.13K,0.17%
13-Sep-18,3239.69,3249.59,3191.40,3236.57,,67.29K,1.08%
12-Sep-18,3216.99,3225.60,3194.98,3202.02,,54.63K,-0.69%
11-Sep-18,3229.71,3245.62,3209.11,3224.21,,58.49K,-0.18%
10-Sep-18,3271.38,3277.88,3227.85,3230.07,,63.82K,-1.45%
7-Sep-18,3273.89,3316.61,3253.72,3277.64,,63.95K,0.45%
6-Sep-18,3286.66,3311.50,3253.76,3262.88,,62.30K,-1.07%
5-Sep-18,3349.70,3354.20,3298.14,3298.14,,64.30K,-1.95%
4-Sep-18,3324.19,3370.96,3307.96,3363.90,,67.09K,1.27%
3-Sep-18,3320.69,3325.61,3291.78,3321.82,,66.43K,-0.38%
31-Aug-18,3333.38,3356.58,3310.87,3334.50,,76.21K,-0.50%
30-Aug-18,3385.81,3402.56,3349.47,3351.09,,68.39K,-1.05%
29-Aug-18,3393.05,3398.71,3377.12,3386.57,,67.02K,-0.40%
28-Aug-18,3408.15,3416.59,3388.81,3400.17,,75.45K,-0.19%
27-Aug-18,3339.39,3406.57,3339.26,3406.57,,94.27K,2.44%
24-Aug-18,3308.48,3353.04,3291.87,3325.33,,63.77K,0.16%
23-Aug-18,3308.46,3336.11,3285.81,3320.03,,61.11K,0.37%
22-Aug-18,3328.97,3328.97,3299.39,3307.95,,50.79K,-0.56%
21-Aug-18,3271.84,3331.71,3270.03,3326.65,,75.21K,1.82%
20-Aug-18,3238.22,3267.25,3209.01,3267.25,,70.90K,1.17%
17-Aug-18,3305.90,3311.57,3224.10,3229.62,,67.40K,-1.44%
16-Aug-18,3251.86,3315.20,3231.56,3276.73,,76.55K,-0.46%
15-Aug-18,3371.96,3372.14,3288.71,3291.98,,68.17K,-2.40%
14-Aug-18,3386.48,3391.73,3356.61,3372.91,,60.65K,-0.51%
13-Aug-18,3369.98,3396.19,3336.70,3390.34,,76.19K,-0.43%
10-Aug-18,3398.41,3424.04,3380.57,3405.02,,68.97K,0.22%
9-Aug-18,3303.48,3408.39,3299.62,3397.53,,91.96K,2.50%
8-Aug-18,3362.15,3368.16,3311.77,3314.51,,79.29K,-1.61%
7-Aug-18,3284.98,3368.96,3263.50,3368.87,,91.78K,2.92%
6-Aug-18,3312.82,3344.25,3257.69,3273.27,,77.98K,-1.27%
3-Aug-18,3366.66,3381.34,3315.20,3315.28,,70.80K,-1.65%
2-Aug-18,3434.35,3434.35,3322.10,3370.96,,101.31K,-2.22%
1-Aug-18,3530.03,3543.61,3446.78,3447.39,,90.35K,-2.00%
31-Jul-18,3510.47,3528.15,3493.15,3517.66,,67.98K,0.07%
30-Jul-18,3520.85,3550.90,3489.55,3515.08,,82.12K,-0.17%
27-Jul-18,3533.77,3545.41,3512.70,3521.23,,70.18K,-0.42%
26-Jul-18,3583.32,3593.92,3528.64,3536.25,,90.35K,-1.16%
25-Jul-18,3589.51,3589.98,3566.31,3577.75,,96.76K,-0.11%
24-Jul-18,3530.66,3596.51,3530.66,3581.71,,156.91K,1.59%
23-Jul-18,3471.86,3527.53,3464.65,3525.75,,119.04K,0.94%
20-Jul-18,3426.46,3505.93,3398.95,3492.89,,101.99K,1.88%
19-Jul-18,3444.80,3466.51,3417.96,3428.34,,68.48K,-0.09%
18-Jul-18,3456.61,3479.26,3430.16,3431.32,,66.53K,-0.52%
17-Jul-18,3466.42,3467.19,3420.97,3449.38,,61.98K,-0.65%
16-Jul-18,3488.97,3506.24,3459.73,3472.09,,68.28K,-0.59%
13-Jul-18,3488.50,3499.76,3474.91,3492.69,,72.96K,0.33%
12-Jul-18,3403.33,3499.10,3403.33,3481.06,,96.35K,2.16%
11-Jul-18,3398.93,3427.57,3375.14,3407.53,,72.04K,-1.73%
10-Jul-18,3464.91,3474.14,3437.27,3467.52,,69.55K,0.24%
9-Jul-18,3378.91,3459.32,3378.91,3459.18,,76.60K,2.80%
6-Jul-18,3347.06,3396.25,3295.73,3365.12,,86.10K,0.68%
5-Jul-18,3365.55,3398.49,3330.71,3342.44,,81.59K,-0.63%
4-Jul-18,3398.78,3418.33,3359.09,3363.75,,75.16K,-1.34%
3-Jul-18,3410.48,3422.04,3319.29,3409.28,,95.28K,0.04%
2-Jul-18,3504.46,3506.90,3383.50,3407.96,,84.35K,-2.93%
29-Jun-18,3431.96,3512.38,3425.22,3510.98,,77.26K,2.55%
28-Jun-18,3434.94,3477.06,3416.95,3423.53,,75.92K,-1.03%
27-Jun-18,3525.13,3537.66,3441.78,3459.26,,81.49K,-2.03%
26-Jun-18,3521.59,3541.78,3478.21,3531.11,,84.99K,-0.82%
25-Jun-18,3625.80,3631.03,3559.03,3560.48,,79.88K,-1.34%
22-Jun-18,3567.89,3609.08,3542.46,3608.90,,75.12K,0.44%
21-Jun-18,3633.56,3673.56,3589.49,3592.97,,93.91K,-1.17%
20-Jun-18,3602.55,3649.34,3578.17,3635.44,,86.72K,0.40%
19-Jun-18,3702.67,3712.82,3583.02,3621.12,,160.71K,-3.53%
15-Jun-18,3763.04,3780.34,3737.43,3753.43,,85.49K,-0.53%
14-Jun-18,3774.64,3808.16,3759.25,3773.37,,68.47K,-0.40%
13-Jun-18,3814.62,3817.45,3782.07,3788.34,,66.38K,-0.98%
12-Jun-18,3783.19,3830.47,3765.26,3825.95,,73.21K,1.22%
11-Jun-18,3770.21,3792.55,3756.51,3779.98,,68.71K,0.01%
8-Jun-18,3819.45,3819.46,3759.27,3779.62,,83.34K,-1.34%
7-Jun-18,3846.94,3859.85,3827.69,3831.01,,80.26K,-0.17%
6-Jun-18,3839.68,3848.33,3830.90,3837.35,,73.12K,-0.21%
5-Jun-18,3811.29,3845.56,3800.93,3845.32,,78.69K,0.99%
4-Jun-18,3785.19,3813.41,3776.62,3807.58,,76.62K,0.98%
1-Jun-18,3789.67,3802.54,3753.84,3770.59,,77.82K,-0.84%
31-May-18,3749.30,3804.79,3742.53,3802.38,,92.67K,2.12%
30-May-18,3755.18,3767.89,3722.07,3723.37,,87.91K,-2.12%
29-May-18,3824.19,3841.78,3800.67,3804.01,,81.55K,-0.76%
28-May-18,3816.26,3846.55,3799.32,3833.26,,71.52K,0.44%
25-May-18,3823.74,3841.12,3804.13,3816.50,,70.84K,-0.28%
24-May-18,3853.29,3859.10,3823.92,3827.22,,68.35K,-0.71%
23-May-18,3898.27,3898.27,3854.58,3854.58,,83.72K,-1.32%
22-May-18,3918.82,3918.82,3881.17,3906.21,,75.37K,-0.38%
21-May-18,3925.54,3937.46,3913.60,3921.24,,92.64K,0.47%
18-May-18,3860.16,3903.06,3841.90,3903.06,,72.61K,1.01%
17-May-18,3895.49,3899.51,3858.85,3864.05,,59.03K,-0.74%
16-May-18,3909.82,3923.34,3889.19,3892.84,,71.91K,-0.80%
15-May-18,3920.14,3924.34,3892.92,3924.10,,76.05K,0.38%
14-May-18,3886.87,3919.30,3886.87,3909.29,,81.98K,0.94%
11-May-18,3902.15,3903.34,3871.95,3872.84,,73.36K,-0.52%
10-May-18,3882.84,3894.49,3867.31,3893.06,,70.67K,0.55%
9-May-18,3876.13,3878.94,3855.74,3871.62,,66.71K,-0.18%
8-May-18,3834.61,3892.07,3833.73,3878.68,,94.22K,1.16%
7-May-18,3782.54,3834.59,3776.03,3834.19,,87.29K,1.58%
4-May-18,3784.32,3801.52,3770.94,3774.60,,71.55K,-0.49%
3-May-18,3756.17,3797.53,3732.37,3793.00,,93.96K,0.78%
2-May-18,3769.93,3787.30,3744.55,3763.65,,83.30K,0.18%
27-Apr-18,3771.04,3776.98,3714.64,3756.88,,89.53K,0.04%
26-Apr-18,3823.39,3828.71,3744.89,3755.49,,87.15K,-1.91%
25-Apr-18,3824.59,3838.69,3817.03,3828.70,,78.17K,-0.38%
24-Apr-18,3769.88,3854.43,3769.88,3843.49,,114.22K,2.05%
23-Apr-18,3754.69,3787.40,3735.18,3766.33,,90.36K,0.15%
20-Apr-18,3801.21,3815.44,3750.10,3760.85,,99.28K,-1.34%
19-Apr-18,3774.78,3824.03,3767.80,3811.84,,99.05K,1.21%
18-Apr-18,3785.31,3789.66,3708.11,3766.28,,106.68K,0.47%
17-Apr-18,3812.87,3822.63,3745.44,3748.64,,90.61K,-1.58%
16-Apr-18,3862.47,3869.16,3789.61,3808.86,,99.22K,-1.61%
13-Apr-18,3920.74,3929.95,3866.19,3871.14,,71.54K,-0.71%
12-Apr-18,3935.67,3937.78,3896.18,3898.64,,82.70K,-1.01%
11-Apr-18,3934.17,3958.71,3924.96,3938.34,,111.93K,0.28%
10-Apr-18,3860.72,3927.42,3851.80,3927.17,,106.17K,1.93%
9-Apr-18,3851.95,3870.67,3827.41,3852.93,,84.11K,-0.05%
4-Apr-18,3873.63,3898.61,3852.50,3854.86,,88.73K,-0.20%
3-Apr-18,3850.15,3878.15,3839.93,3862.48,,95.14K,-0.63%
2-Apr-18,3897.01,3937.02,3882.89,3886.92,,111.24K,-0.30%
30-Mar-18,3893.75,3915.35,3879.21,3898.50,,97.51K,0.11%
29-Mar-18,3854.59,3913.96,3794.26,3894.05,,116.63K,1.34%
28-Mar-18,3865.05,3907.28,3835.88,3842.72,,101.50K,-1.80%
27-Mar-18,3927.49,3936.78,3881.87,3913.27,,113.70K,0.86%
26-Mar-18,3862.69,3883.90,3829.92,3879.89,,115.14K,-0.64%
23-Mar-18,3896.74,3928.51,3834.94,3904.94,,180.08K,-2.87%
22-Mar-18,4062.07,4072.38,4003.72,4020.35,,89.10K,-1.00%
21-Mar-18,4097.02,4110.12,4046.24,4061.05,,97.61K,-0.41%
20-Mar-18,4045.74,4080.19,4040.31,4077.70,,80.61K,0.08%
19-Mar-18,4054.62,4074.52,4033.52,4074.25,,81.50K,0.44%
16-Mar-18,4096.89,4110.05,4055.82,4056.42,,84.90K,-0.97%
15-Mar-18,4058.71,4098.99,4058.71,4096.16,,88.16K,0.56%
14-Mar-18,4076.06,4089.09,4066.49,4073.34,,99.01K,-0.44%
13-Mar-18,4124.33,4130.28,4087.56,4091.25,,111.77K,-0.88%
12-Mar-18,4130.71,4139.53,4112.77,4127.67,,140.91K,0.46%
9-Mar-18,4088.07,4110.67,4076.45,4108.87,,113.70K,0.77%
8-Mar-18,4038.95,4078.23,4029.71,4077.60,,91.16K,1.01%
7-Mar-18,4063.50,4089.70,4027.94,4036.65,,106.95K,-0.74%
6-Mar-18,4034.99,4067.55,3998.93,4066.56,,138.76K,1.21%
5-Mar-18,4021.66,4042.83,3995.87,4018.10,,87.95K,0.04%
2-Mar-18,4014.95,4044.42,4006.94,4016.46,,96.17K,-0.81%
1-Mar-18,3994.87,4061.03,3986.89,4049.09,,110.20K,0.63%
28-Feb-18,4016.79,4051.71,3991.71,4023.64,,109.34K,-0.87%
27-Feb-18,4120.87,4120.87,4051.81,4058.98,,125.93K,-1.44%
26-Feb-18,4093.40,4128.74,4048.98,4118.42,,137.88K,1.16%
23-Feb-18,4061.75,4085.20,4035.23,4071.09,,99.46K,0.45%
22-Feb-18,4020.97,4058.79,4009.92,4052.73,,105.81K,2.16%
14-Feb-18,3945.09,3971.40,3923.13,3966.96,,71.08K,0.80%
13-Feb-18,3925.60,3986.98,3925.60,3935.63,,112.57K,1.17%
12-Feb-18,3846.27,3907.84,3828.07,3890.10,,116.18K,1.29%
9-Feb-18,3896.17,3911.29,3759.15,3840.65,,206.35K,-4.27%
8-Feb-18,4022.88,4071.67,3974.68,4012.05,,159.27K,-0.95%
7-Feb-18,4205.74,4212.57,4048.42,4050.50,,203.13K,-2.37%
6-Feb-18,4182.33,4211.52,4131.56,4148.89,,214.91K,-2.93%
5-Feb-18,4204.46,4274.15,4200.14,4274.15,,161.35K,0.07%
2-Feb-18,4213.94,4271.76,4181.78,4271.23,,146.07K,0.60%
1-Feb-18,4276.34,4287.39,4214.29,4245.90,,190.00K,-0.70%
31-Jan-18,4234.11,4287.86,4232.77,4275.90,,145.21K,0.47%
30-Jan-18,4286.68,4308.51,4251.57,4256.10,,139.04K,-1.07%
29-Jan-18,4387.06,4395.91,4287.11,4302.02,,191.10K,-1.81%
26-Jan-18,4352.22,4403.34,4351.49,4381.30,,177.23K,0.37%
25-Jan-18,4381.98,4392.20,4336.24,4365.08,,195.38K,-0.57%
24-Jan-18,4389.45,4397.82,4349.09,4389.89,,219.82K,0.17%
23-Jan-18,4346.89,4383.57,4346.79,4382.61,,201.87K,1.06%
22-Jan-18,4276.48,4338.48,4275.90,4336.60,,174.64K,1.19%
19-Jan-18,4281.94,4316.57,4269.62,4285.40,,209.49K,0.33%
18-Jan-18,4259.38,4292.64,4246.68,4271.42,,172.03K,0.55%
17-Jan-18,4261.78,4283.34,4230.54,4248.12,,214.31K,-0.24%
16-Jan-18,4215.62,4260.21,4213.13,4258.47,,161.50K,0.79%
15-Jan-18,4229.84,4262.93,4216.36,4225.24,,170.91K,0.01%
12-Jan-18,4205.14,4227.39,4199.03,4225.00,,111.36K,0.46%
11-Jan-18,4197.11,4211.80,4181.96,4205.59,,121.58K,-0.05%
10-Jan-18,4187.20,4211.05,4175.14,4207.81,,151.12K,0.44%
9-Jan-18,4157.54,4191.28,4153.50,4189.30,,139.03K,0.70%
8-Jan-18,4140.85,4166.32,4127.31,4160.16,,173.88K,0.52%
5-Jan-18,4133.34,4151.28,4123.28,4138.75,,149.01K,0.24%
4-Jan-18,4114.12,4137.64,4105.89,4128.81,,134.54K,0.42%
3-Jan-18,4091.46,4140.05,4088.73,4111.39,,151.85K,0.59%
2-Jan-18,4045.21,4087.78,4045.21,4087.40,,146.94K,1.40%
29-Dec-17,4022.88,4043.14,4012.87,4030.85,,90.49K,0.30%
28-Dec-17,3993.00,4036.70,3980.24,4018.90,,118.54K,0.69%
27-Dec-17,4045.28,4047.74,3986.74,3991.21,,105.15K,-1.54%
26-Dec-17,4040.62,4056.86,4015.30,4053.62,,91.12K,0.30%
25-Dec-17,4057.42,4086.93,4026.45,4041.54,,91.93K,-0.32%
22-Dec-17,4064.91,4076.80,4048.49,4054.60,,73.47K,-0.33%
21-Dec-17,4023.08,4080.78,4014.65,4067.85,,96.84K,0.93%
20-Dec-17,4036.02,4044.85,4015.63,4030.49,,90.61K,-0.12%
19-Dec-17,3985.82,4035.63,3985.82,4035.33,,77.53K,1.26%
18-Dec-17,3983.30,4008.07,3967.93,3985.29,,77.85K,0.11%
15-Dec-17,4018.73,4020.27,3974.93,3980.86,,89.04K,-1.12%
14-Dec-17,4050.90,4057.62,4013.85,4026.15,,80.77K,-0.59%
13-Dec-17,4013.83,4052.69,4004.74,4050.09,,77.55K,0.85%
12-Dec-17,4068.51,4070.15,4015.45,4016.02,,84.34K,-1.31%
11-Dec-17,4006.88,4069.50,4005.27,4069.50,,97.15K,1.65%
8-Dec-17,3962.83,4014.14,3955.44,4003.38,,89.28K,0.81%
7-Dec-17,4003.58,4017.95,3955.99,3971.06,,90.25K,-1.11%
6-Dec-17,4027.12,4031.75,3964.81,4015.82,,109.29K,-0.60%
5-Dec-17,4007.94,4045.93,4006.54,4040.17,,154.09K,0.53%
4-Dec-17,3989.05,4032.99,3982.32,4018.86,,102.65K,0.52%
1-Dec-17,4003.56,4027.11,3984.38,3998.14,,97.39K,-0.20%
30-Nov-17,4034.01,4052.80,3988.00,4006.10,,107.98K,-1.18%
29-Nov-17,4061.35,4069.24,4004.69,4053.75,,124.55K,-0.05%
28-Nov-17,4034.21,4056.48,4010.30,4055.82,,102.06K,0.14%
27-Nov-17,4088.93,4088.93,4037.15,4049.95,,143.46K,-1.32%
24-Nov-17,4089.47,4116.59,4057.49,4104.20,,130.86K,0.04%
23-Nov-17,4213.38,4214.19,4086.90,4102.40,,178.15K,-2.96%
22-Nov-17,4228.37,4260.64,4191.15,4227.57,,186.48K,0.23%
21-Nov-17,4131.85,4220.26,4129.98,4217.70,,180.35K,1.78%
20-Nov-17,4093.73,4144.51,4060.96,4143.83,,137.45K,0.56%
17-Nov-17,4094.08,4122.38,4081.37,4120.85,,191.78K,0.39%
16-Nov-17,4063.49,4107.62,4062.27,4105.01,,121.38K,0.77%
15-Nov-17,4084.21,4102.81,4055.72,4073.67,,120.64K,-0.63%
14-Nov-17,4129.27,4133.55,4086.89,4099.35,,143.24K,-0.70%
13-Nov-17,4115.55,4137.65,4115.55,4128.07,,151.45K,0.39%
10-Nov-17,4070.28,4116.71,4067.66,4111.91,,141.82K,0.88%
9-Nov-17,4043.07,4076.61,4038.40,4075.90,,121.06K,0.69%
8-Nov-17,4051.49,4089.15,4040.58,4048.01,,150.83K,-0.15%
7-Nov-17,4022.40,4064.22,4021.36,4054.25,,152.12K,0.83%
6-Nov-17,3989.18,4021.64,3975.41,4020.89,,122.08K,0.71%
3-Nov-17,3992.35,3999.34,3963.03,3992.70,,129.40K,-0.11%
2-Nov-17,3994.09,3999.23,3971.38,3997.13,,126.10K,0.01%
1-Nov-17,4007.91,4032.46,3991.32,3996.62,,130.42K,-0.25%
31-Oct-17,3995.39,4009.28,3983.26,4006.72,,109.18K,-0.07%
30-Oct-17,4022.16,4033.34,3960.27,4009.72,,157.39K,-0.30%
27-Oct-17,3992.55,4024.46,3991.35,4021.97,,126.67K,0.71%
26-Oct-17,3980.05,4013.60,3973.55,3993.58,,129.90K,0.42%
25-Oct-17,3958.17,3978.09,3954.00,3976.95,,88.21K,0.44%
24-Oct-17,3926.23,3959.50,3922.03,3959.40,,93.06K,0.73%
23-Oct-17,3930.89,3936.27,3920.66,3930.80,,81.49K,0.10%
20-Oct-17,3918.53,3928.96,3910.20,3926.85,,72.98K,-0.11%
19-Oct-17,3940.58,3944.03,3923.65,3931.25,,106.53K,-0.33%
18-Oct-17,3914.82,3944.41,3914.82,3944.16,,100.97K,0.79%
17-Oct-17,3910.79,3924.61,3900.48,3913.07,,82.24K,-0.01%
16-Oct-17,3926.28,3947.42,3913.32,3913.45,,121.36K,-0.19%
13-Oct-17,3912.97,3927.17,3908.89,3921.00,,90.14K,0.21%
12-Oct-17,3902.02,3917.44,3897.55,3912.95,,94.34K,0.26%
11-Oct-17,3886.82,3913.07,3885.50,3902.69,,104.42K,0.33%
10-Oct-17,3883.00,3900.74,3855.47,3889.86,,112.53K,0.20%
9-Oct-17,3910.11,3918.84,3876.03,3882.21,,135.54K,1.19%
29-Sep-17,3825.20,3852.22,3825.20,3836.50,,93.31K,0.37%
28-Sep-17,3821.59,3827.33,3813.75,3822.54,,93.54K,0.04%
27-Sep-17,3818.96,3832.57,3818.81,3821.20,,85.66K,0.01%
26-Sep-17,3810.33,3821.69,3808.38,3820.78,,81.87K,0.08%
25-Sep-17,3829.22,3835.39,3811.12,3817.79,,103.95K,-0.52%
22-Sep-17,3826.46,3842.25,3816.82,3837.73,,100.62K,0.00%
21-Sep-17,3843.26,3860.80,3837.38,3837.82,,111.10K,-0.12%
20-Sep-17,3830.15,3850.94,3827.89,3842.44,,101.13K,0.27%
19-Sep-17,3849.88,3857.30,3820.29,3832.12,,112.43K,-0.29%
18-Sep-17,3832.96,3862.36,3832.96,3843.14,,117.93K,0.31%
15-Sep-17,3826.14,3843.30,3818.52,3831.30,,122.43K,0.03%
14-Sep-17,3843.57,3854.49,3820.09,3829.96,,115.36K,-0.33%
13-Sep-17,3835.55,3847.78,3822.94,3842.61,,95.41K,0.12%
12-Sep-17,3832.24,3849.39,3822.00,3837.93,,144.19K,0.32%
11-Sep-17,3828.34,3850.74,3817.51,3825.65,,123.88K,-0.01%
8-Sep-17,3830.07,3843.02,3813.98,3825.99,,106.04K,-0.10%
7-Sep-17,3851.69,3858.16,3828.84,3829.87,,123.88K,-0.51%
6-Sep-17,3846.75,3858.25,3831.38,3849.45,,131.40K,-0.20%
5-Sep-17,3845.55,3865.29,3841.95,3857.05,,124.96K,0.30%
4-Sep-17,3828.54,3847.09,3813.55,3845.62,,149.57K,0.39%
1-Sep-17,3825.34,3843.62,3818.16,3830.54,,158.65K,0.22%
31-Aug-17,3835.84,3840.20,3800.89,3822.09,,132.95K,-0.32%
30-Aug-17,3834.27,3854.71,3827.86,3834.30,,141.35K,-0.01%
29-Aug-17,3839.18,3847.93,3825.76,3834.54,,128.23K,-0.21%
28-Aug-17,3805.66,3866.94,3805.66,3842.71,,185.58K,1.24%
25-Aug-17,3736.29,3795.97,3736.29,3795.75,,129.94K,1.64%
24-Aug-17,3755.89,3765.71,3729.09,3734.65,,89.95K,-0.57%
23-Aug-17,3747.61,3772.46,3741.72,3756.09,,104.96K,0.10%
22-Aug-17,3745.75,3758.29,3734.56,3752.30,,100.29K,0.30%
21-Aug-17,3731.84,3744.26,3728.62,3740.99,,100.31K,0.44%
18-Aug-17,3707.19,3733.49,3700.41,3724.67,,96.56K,0.09%
17-Aug-17,3707.07,3722.62,3704.41,3721.28,,108.66K,0.54%
16-Aug-17,3701.13,3707.14,3679.73,3701.42,,104.13K,-0.13%
15-Aug-17,3695.78,3719.29,3692.28,3706.06,,106.45K,0.31%
14-Aug-17,3651.38,3698.37,3651.38,3694.68,,115.31K,1.30%
11-Aug-17,3687.93,3700.49,3645.09,3647.35,,150.39K,-1.85%
10-Aug-17,3724.96,3746.86,3688.18,3715.92,,130.09K,-0.41%
9-Aug-17,3728.03,3739.00,3713.57,3731.04,,124.68K,-0.03%
8-Aug-17,3724.33,3737.33,3718.81,3732.21,,137.24K,0.15%
7-Aug-17,3701.22,3730.78,3689.96,3726.79,,124.23K,0.52%
4-Aug-17,3724.72,3738.73,3707.00,3707.58,,157.47K,-0.54%
3-Aug-17,3755.11,3766.35,3718.44,3727.83,,146.15K,-0.88%
2-Aug-17,3768.19,3784.35,3759.28,3760.85,,172.29K,-0.25%
1-Aug-17,3738.74,3770.40,3737.10,3770.38,,152.55K,0.87%
31-Jul-17,3722.43,3746.52,3713.66,3737.87,,148.43K,0.43%
28-Jul-17,3703.49,3725.54,3696.78,3721.89,,111.41K,0.26%
27-Jul-17,3700.86,3716.69,3672.50,3712.19,,145.00K,0.18%
26-Jul-17,3722.88,3738.53,3684.18,3705.39,,136.33K,-0.38%
25-Jul-17,3742.64,3752.16,3713.28,3719.56,,121.67K,-0.64%
24-Jul-17,3724.38,3755.19,3719.85,3743.47,,134.87K,0.40%
21-Jul-17,3738.18,3751.69,3722.07,3728.60,,117.94K,-0.51%
20-Jul-17,3725.14,3750.19,3723.07,3747.88,,142.41K,0.49%
19-Jul-17,3660.87,3731.05,3658.20,3729.75,,182.48K,1.71%
18-Jul-17,3648.49,3667.54,3622.04,3667.18,,124.62K,0.10%
17-Jul-17,3700.62,3716.47,3621.37,3663.56,,178.82K,-1.07%
14-Jul-17,3682.62,3703.09,3672.74,3703.09,,105.51K,0.44%
13-Jul-17,3656.35,3690.48,3652.57,3686.92,,125.67K,0.77%
12-Jul-17,3672.63,3691.58,3640.59,3658.82,,122.29K,-0.33%
11-Jul-17,3646.88,3701.21,3645.99,3670.81,,118.76K,0.47%
10-Jul-17,3647.94,3667.85,3641.53,3653.69,,120.59K,-0.06%
7-Jul-17,3647.64,3657.11,3631.87,3655.93,,103.74K,-0.11%
6-Jul-17,3654.56,3666.77,3629.56,3660.10,,102.38K,0.01%
5-Jul-17,3611.90,3660.73,3610.46,3659.68,,88.23K,1.10%
4-Jul-17,3646.83,3646.85,3611.69,3619.98,,95.07K,-0.85%
3-Jul-17,3667.23,3667.60,3633.78,3650.85,,88.82K,-0.43%
30-Jun-17,3654.73,3669.76,3646.23,3666.80,,81.51K,-0.06%
29-Jun-17,3649.25,3669.13,3644.73,3668.83,,85.59K,0.62%
28-Jun-17,3664.16,3672.19,3644.03,3646.17,,97.92K,-0.78%
27-Jun-17,3665.58,3676.53,3648.76,3674.72,,97.56K,0.18%
26-Jun-17,3627.02,3671.94,3627.02,3668.09,,134.64K,1.25%
23-Jun-17,3583.44,3623.24,3569.32,3622.88,,105.13K,0.91%
22-Jun-17,3583.56,3635.53,3581.34,3590.34,,135.53K,0.07%
21-Jun-17,3567.13,3587.99,3545.57,3587.95,,87.86K,1.17%
20-Jun-17,3560.79,3563.70,3539.51,3546.49,,80.51K,-0.20%
19-Jun-17,3520.06,3554.91,3520.06,3553.67,,79.80K,0.99%
16-Jun-17,3522.97,3536.14,3514.39,3518.76,,76.45K,-0.28%
15-Jun-17,3530.75,3542.28,3508.95,3528.79,,82.63K,-0.18%
14-Jun-17,3571.25,3571.25,3530.27,3535.30,,83.81K,-1.31%
13-Jun-17,3569.16,3584.41,3559.21,3582.27,,75.18K,0.22%
12-Jun-17,3570.22,3603.69,3565.90,3574.39,,90.38K,-0.05%
9-Jun-17,3561.24,3590.89,3560.63,3576.17,,101.19K,0.43%
8-Jun-17,3531.24,3562.27,3528.18,3560.98,,90.23K,0.77%
7-Jun-17,3493.88,3537.09,3491.13,3533.87,,104.42K,1.17%
6-Jun-17,3464.38,3492.88,3460.45,3492.88,,64.09K,0.70%
5-Jun-17,3480.17,3484.12,3462.31,3468.75,,79.74K,-0.51%
2-Jun-17,3491.59,3498.12,3470.20,3486.51,,82.67K,-0.32%
1-Jun-17,3485.22,3499.81,3476.43,3497.74,,103.13K,0.14%
31-May-17,3495.07,3515.08,3474.92,3492.88,,104.83K,0.36%
26-May-17,3479.62,3498.31,3473.04,3480.43,,103.24K,-0.15%
25-May-17,3414.40,3490.42,3413.22,3485.66,,130.72K,1.80%
24-May-17,3409.72,3424.17,3383.89,3424.17,,83.55K,0.00%
23-May-17,3405.03,3434.77,3401.53,3424.19,,116.91K,0.38%
22-May-17,3400.59,3424.18,3391.17,3411.24,,92.54K,0.22%
19-May-17,3395.23,3405.94,3392.38,3403.85,,71.47K,0.17%
18-May-17,3387.67,3409.93,3383.93,3398.11,,85.76K,-0.35%
17-May-17,3423.19,3433.97,3408.15,3409.97,,99.74K,-0.54%
16-May-17,3390.93,3428.85,3373.55,3428.65,,105.24K,0.87%
15-May-17,3391.59,3406.58,3391.59,3399.19,,82.98K,0.41%
12-May-17,3350.94,3387.27,3349.17,3385.38,,93.39K,0.86%
11-May-17,3322.95,3359.60,3312.89,3356.65,,109.25K,0.57%
10-May-17,3350.65,3369.43,3336.00,3337.70,,92.08K,-0.44%
9-May-17,3342.60,3358.05,3327.59,3352.53,,76.77K,-0.19%
8-May-17,3369.11,3374.16,3339.57,3358.81,,123.75K,-0.70%
5-May-17,3393.48,3395.45,3366.56,3382.55,,109.90K,-0.64%
4-May-17,3404.94,3421.40,3391.28,3404.39,,103.48K,-0.26%
3-May-17,3421.76,3432.22,3403.08,3413.13,,91.67K,-0.39%
2-May-17,3427.92,3436.31,3418.67,3426.58,,92.80K,-0.38%
28-Apr-17,3439.57,3439.90,3417.24,3439.75,,101.63K,-0.20%
27-Apr-17,3435.10,3449.27,3399.54,3446.72,,123.30K,0.04%
26-Apr-17,3440.25,3466.57,3439.15,3445.18,,111.94K,0.12%
25-Apr-17,3427.73,3449.67,3422.65,3440.97,,94.07K,0.28%
24-Apr-17,3458.23,3458.23,3403.98,3431.26,,114.66K,-1.02%
21-Apr-17,3461.39,3475.56,3449.54,3466.79,,104.42K,0.15%
20-Apr-17,3444.52,3465.61,3440.72,3461.55,,114.18K,0.45%
19-Apr-17,3452.99,3459.35,3418.51,3445.88,,121.35K,-0.49%
18-Apr-17,3474.89,3489.08,3462.63,3462.74,,110.93K,-0.49%
17-Apr-17,3475.74,3480.57,3453.68,3479.94,,117.17K,-0.19%
14-Apr-17,3516.81,3517.47,3476.95,3486.50,,135.47K,-0.80%
13-Apr-17,3500.28,3518.44,3496.57,3514.57,,129.98K,0.15%
12-Apr-17,3514.57,3523.10,3498.00,3509.44,,181.83K,-0.22%
11-Apr-17,3503.83,3520.13,3466.14,3517.33,,165.95K,0.35%
10-Apr-17,3519.46,3522.80,3502.08,3505.14,,141.89K,-0.35%
7-Apr-17,3514.45,3526.82,3506.39,3517.46,,140.29K,0.10%
6-Apr-17,3507.99,3517.78,3495.72,3514.05,,136.77K,0.29%
5-Apr-17,3476.42,3504.54,3475.15,3503.89,,143.40K,1.38%
31-Mar-17,3434.82,3456.31,3430.82,3456.05,,91.58K,0.56%
30-Mar-17,3461.62,3467.30,3422.37,3436.76,,116.38K,-0.82%
29-Mar-17,3472.97,3483.06,3455.55,3465.19,,104.85K,-0.13%
28-Mar-17,3480.25,3482.29,3461.47,3469.81,,84.20K,-0.24%
27-Mar-17,3488.76,3505.98,3474.52,3478.04,,107.02K,-0.33%
24-Mar-17,3464.20,3499.32,3461.11,3489.60,,125.65K,0.80%
23-Mar-17,3452.41,3470.82,3435.69,3461.98,,94.32K,0.35%
22-Mar-17,3450.75,3464.33,3433.50,3450.05,,104.94K,-0.47%
21-Mar-17,3449.77,3466.70,3445.64,3466.35,,87.71K,0.49%
20-Mar-17,3449.05,3454.06,3429.83,3449.61,,88.73K,0.11%
17-Mar-17,3485.31,3488.50,3441.47,3445.81,,103.76K,-1.03%
16-Mar-17,3472.27,3492.13,3472.27,3481.51,,106.33K,0.52%
15-Mar-17,3452.21,3463.92,3445.27,3463.64,,79.11K,0.20%
14-Mar-17,3456.66,3465.39,3448.90,3456.69,,77.08K,-0.04%
13-Mar-17,3425.67,3458.10,3412.69,3458.10,,91.68K,0.88%
10-Mar-17,3423.98,3436.24,3423.94,3427.89,,70.02K,0.03%
9-Mar-17,3442.90,3443.05,3414.68,3426.94,,84.57K,-0.63%
8-Mar-17,3452.20,3457.04,3441.26,3448.73,,79.59K,-0.15%
7-Mar-17,3446.16,3454.04,3440.06,3453.96,,80.34K,0.22%
6-Mar-17,3427.25,3449.03,3425.90,3446.48,,83.07K,0.54%
3-Mar-17,3424.66,3428.88,3412.83,3427.86,,81.00K,-0.21%
2-Mar-17,3463.48,3468.47,3434.00,3435.10,,89.90K,-0.67%
1-Mar-17,3452.21,3472.70,3449.11,3458.44,,103.26K,0.16%
28-Feb-17,3445.03,3460.91,3441.36,3452.81,,75.22K,0.19%
27-Feb-17,3471.13,3472.84,3441.39,3446.22,,98.67K,-0.80%
24-Feb-17,3468.96,3473.85,3455.25,3473.85,,95.54K,0.02%
23-Feb-17,3487.57,3492.96,3460.12,3473.32,,99.54K,-0.47%
22-Feb-17,3483.20,3489.95,3473.52,3489.76,,102.82K,0.20%
21-Feb-17,3475.06,3490.09,3472.02,3482.82,,114.84K,0.33%
20-Feb-17,3421.64,3472.60,3421.64,3471.39,,132.63K,1.46%
17-Feb-17,3443.62,3457.56,3419.61,3421.44,,114.60K,-0.57%
16-Feb-17,3421.83,3440.93,3418.35,3440.93,,108.28K,0.56%
15-Feb-17,3435.39,3448.03,3417.08,3421.71,,127.64K,-0.41%
14-Feb-17,3438.51,3440.67,3424.40,3435.80,,94.81K,-0.01%
13-Feb-17,3416.92,3439.54,3416.87,3436.28,,120.15K,0.67%
10-Feb-17,3398.32,3422.33,3398.03,3413.49,,123.77K,0.51%
9-Feb-17,3381.90,3406.59,3379.79,3396.29,,97.56K,0.38%
8-Feb-17,3361.78,3383.69,3347.43,3383.29,,75.40K,0.52%
7-Feb-17,3371.77,3376.71,3354.63,3365.68,,63.75K,-0.22%
6-Feb-17,3368.11,3381.33,3358.75,3373.21,,68.52K,0.26%
3-Feb-17,3390.93,3392.48,3362.57,3364.49,,55.19K,-0.69%
26-Jan-17,3378.26,3395.88,3378.26,3387.96,,65.32K,0.36%
25-Jan-17,3361.66,3376.44,3357.22,3375.90,,58.38K,0.34%
24-Jan-17,3363.14,3371.32,3355.90,3364.45,,66.19K,0.01%
23-Jan-17,3359.05,3378.74,3355.85,3364.08,,75.56K,0.27%
20-Jan-17,3326.98,3358.41,3326.37,3354.89,,65.30K,0.77%
19-Jan-17,3330.95,3346.50,3324.68,3329.29,,66.16K,-0.30%
18-Jan-17,3323.34,3350.96,3320.41,3339.37,,70.62K,0.39%
17-Jan-17,3305.60,3327.38,3292.20,3326.36,,69.45K,0.21%
16-Jan-17,3314.15,3322.78,3264.21,3319.45,,157.78K,-0.01%
13-Jan-17,3317.96,3338.17,3309.37,3319.91,,84.18K,0.07%
12-Jan-17,3332.69,3343.13,3315.96,3317.62,,81.24K,-0.51%
11-Jan-17,3355.80,3366.63,3334.30,3334.50,,91.07K,-0.71%
10-Jan-17,3361.64,3370.51,3354.09,3358.27,,83.82K,-0.17%
9-Jan-17,3345.75,3366.22,3344.35,3363.90,,83.71K,0.48%
6-Jan-17,3366.85,3368.87,3346.89,3347.67,,87.46K,-0.60%
5-Jan-17,3368.34,3373.41,3361.46,3367.79,,88.34K,-0.02%
4-Jan-17,3340.56,3369.57,3338.15,3368.31,,90.05K,0.78%
3-Jan-17,3313.95,3345.26,3313.95,3342.23,,86.57K,0.97%
30-Dec-16,3302.60,3313.55,3295.75,3310.08,,71.74K,0.37%
29-Dec-16,3297.04,3312.11,3288.10,3297.76,,70.09K,-0.13%
28-Dec-16,3315.75,3320.55,3293.17,3301.89,,69.00K,-0.44%
27-Dec-16,3319.21,3330.23,3315.83,3316.39,,75.49K,-0.18%
26-Dec-16,3293.22,3322.42,3267.05,3322.40,,89.79K,0.45%
23-Dec-16,3333.40,3334.89,3300.88,3307.60,,97.45K,-0.84%
22-Dec-16,3335.12,3340.36,3322.72,3335.67,,92.28K,-0.09%
21-Dec-16,3313.75,3342.48,3313.75,3338.54,,108.26K,0.89%
20-Dec-16,3328.30,3329.10,3289.27,3309.06,,87.57K,-0.60%
19-Dec-16,3342.34,3344.86,3325.00,3328.98,,81.64K,-0.51%
16-Dec-16,3335.36,3356.29,3330.49,3346.03,,90.78K,0.17%
15-Dec-16,3363.86,3378.04,3327.14,3340.43,,114.96K,-1.14%
14-Dec-16,3399.41,3412.28,3378.27,3378.95,,124.01K,-0.77%
13-Dec-16,3394.21,3416.21,3370.60,3405.04,,121.11K,-0.12%
12-Dec-16,3489.27,3495.80,3400.79,3409.18,,187.47K,-2.42%
9-Dec-16,3464.87,3507.93,3461.76,3493.70,,150.30K,0.68%
8-Dec-16,3481.81,3484.34,3466.51,3470.14,,117.38K,-0.16%
7-Dec-16,3458.37,3475.75,3445.76,3475.75,,114.35K,0.48%
6-Dec-16,3466.24,3477.59,3456.81,3459.15,,115.53K,-0.30%
5-Dec-16,3473.69,3496.88,3457.34,3469.41,,180.85K,-1.69%
2-Dec-16,3559.77,3562.55,3516.79,3528.95,,196.36K,-1.01%
1-Dec-16,3543.96,3575.97,3543.24,3565.04,,180.17K,0.76%
30-Nov-16,3557.64,3567.07,3527.02,3538.00,,178.56K,-0.73%
29-Nov-16,3525.90,3583.72,3521.38,3564.04,,236.92K,0.82%
28-Nov-16,3538.68,3553.36,3528.32,3535.08,,207.38K,0.39%
25-Nov-16,3490.04,3521.30,3463.95,3521.30,,153.62K,0.93%
24-Nov-16,3468.81,3508.16,3467.01,3488.74,,145.75K,0.40%
23-Nov-16,3473.89,3492.96,3465.76,3474.73,,162.39K,0.18%
22-Nov-16,3443.22,3469.22,3443.22,3468.36,,168.52K,0.79%
21-Nov-16,3412.65,3463.14,3412.08,3441.11,,146.44K,0.69%
18-Nov-16,3437.49,3443.12,3413.27,3417.46,,115.95K,-0.55%
17-Nov-16,3423.47,3437.67,3412.88,3436.53,,121.56K,0.20%
16-Nov-16,3432.43,3435.64,3419.24,3429.59,,129.81K,-0.01%
15-Nov-16,3428.87,3434.92,3415.99,3429.87,,134.57K,-0.01%
14-Nov-16,3409.22,3452.62,3408.14,3430.25,,213.25K,0.38%
11-Nov-16,3387.95,3422.67,3382.89,3417.22,,198.78K,0.78%
10-Nov-16,3374.91,3403.02,3374.91,3390.61,,134.71K,1.12%
9-Nov-16,3370.60,3373.10,3322.08,3353.05,,139.11K,-0.54%
8-Nov-16,3367.70,3383.92,3361.13,3371.12,,103.15K,0.43%
7-Nov-16,3353.44,3362.74,3342.31,3356.59,,99.88K,0.07%
4-Nov-16,3362.21,3377.64,3348.43,3354.17,,104.07K,-0.32%
3-Nov-16,3326.90,3379.99,3324.84,3365.09,,126.22K,0.95%
2-Nov-16,3350.71,3356.40,3331.38,3333.35,,91.20K,-0.77%
1-Nov-16,3338.71,3359.39,3334.46,3359.05,,74.94K,0.68%
31-Oct-16,3332.41,3340.47,3317.33,3336.28,,71.35K,-0.12%
28-Oct-16,3347.14,3370.75,3337.29,3340.13,,93.13K,-0.17%
27-Oct-16,3351.46,3352.35,3335.13,3345.70,,77.63K,-0.27%
26-Oct-16,3365.20,3367.83,3349.57,3354.80,,98.03K,-0.38%
25-Oct-16,3367.48,3373.91,3356.59,3367.45,,111.19K,0.00%
24-Oct-16,3332.51,3382.83,3330.97,3367.58,,153.01K,1.20%
21-Oct-16,3315.72,3341.56,3309.18,3327.74,,109.79K,0.28%
20-Oct-16,3317.18,3324.90,3312.17,3318.60,,79.24K,0.07%
19-Oct-16,3323.30,3332.52,3309.83,3316.24,,101.17K,-0.15%
18-Oct-16,3272.68,3321.33,3272.68,3321.33,,102.86K,1.33%
17-Oct-16,3305.96,3309.01,3271.54,3277.88,,86.11K,-0.85%
14-Oct-16,3298.73,3306.69,3285.73,3305.85,,82.32K,0.10%
13-Oct-16,3299.16,3307.41,3292.40,3302.65,,81.22K,0.08%
12-Oct-16,3299.14,3302.56,3289.75,3300.01,,68.67K,-0.20%
11-Oct-16,3296.87,3308.00,3292.88,3306.56,,87.71K,0.39%
10-Oct-16,3265.36,3294.64,3258.96,3293.87,,80.52K,1.25%
30-Sep-16,3240.18,3260.94,3239.04,3253.28,,44.98K,0.27%
29-Sep-16,3234.86,3257.77,3234.80,3244.39,,55.45K,0.42%
28-Sep-16,3243.65,3243.65,3228.00,3230.89,,44.73K,-0.30%
27-Sep-16,3214.87,3240.78,3214.44,3240.75,,58.46K,0.64%
26-Sep-16,3267.69,3267.69,3220.28,3220.28,,70.45K,-1.69%
23-Sep-16,3292.28,3293.92,3275.03,3275.67,,57.99K,-0.47%
22-Sep-16,3281.47,3303.20,3277.98,3291.12,,75.75K,0.75%
21-Sep-16,3257.71,3270.90,3254.32,3266.64,,59.14K,0.28%
20-Sep-16,3264.66,3265.04,3252.39,3257.40,,52.78K,-0.18%
19-Sep-16,3242.74,3264.90,3242.74,3263.12,,58.83K,0.75%
14-Sep-16,3245.74,3254.99,3231.34,3238.73,,70.43K,-0.66%
13-Sep-16,3265.34,3269.22,3246.39,3260.33,,67.18K,-0.07%
12-Sep-16,3271.87,3276.72,3234.57,3262.60,,122.92K,-1.67%
9-Sep-16,3339.37,3344.95,3318.04,3318.04,,82.66K,-0.64%
8-Sep-16,3338.01,3343.39,3328.23,3339.56,,71.92K,-0.04%
7-Sep-16,3344.07,3357.36,3337.75,3340.82,,102.94K,-0.05%
6-Sep-16,3322.02,3347.95,3300.13,3342.63,,98.28K,0.69%
5-Sep-16,3321.01,3338.42,3314.63,3319.68,,78.29K,0.17%
2-Sep-16,3298.72,3320.43,3295.76,3314.11,,82.79K,0.38%
1-Sep-16,3326.74,3329.35,3301.21,3301.58,,84.95K,-0.79%
31-Aug-16,3310.57,3333.97,3304.66,3327.79,,79.57K,0.48%
30-Aug-16,3310.32,3325.12,3304.60,3311.99,,75.73K,0.13%
29-Aug-16,3306.57,3315.08,3297.07,3307.78,,77.04K,0.02%
26-Aug-16,3312.50,3328.95,3301.74,3307.09,,81.53K,-0.06%
25-Aug-16,3314.08,3315.08,3279.81,3308.97,,100.59K,-0.63%
24-Aug-16,3341.93,3348.13,3323.73,3329.86,,81.19K,-0.36%
23-Aug-16,3332.62,3359.65,3324.96,3341.83,,92.93K,0.15%
22-Aug-16,3364.68,3372.83,3335.47,3336.79,,107.95K,-0.84%
19-Aug-16,3358.55,3374.05,3341.19,3365.02,,119.96K,0.02%
18-Aug-16,3369.95,3394.79,3349.69,3364.49,,142.38K,-0.25%
17-Aug-16,3377.77,3394.39,3356.92,3373.05,,138.85K,-0.15%
16-Aug-16,3403.38,3418.69,3372.02,3378.25,,196.39K,-0.45%
15-Aug-16,3303.47,3417.91,3302.38,3393.42,,220.54K,3.01%
12-Aug-16,3231.81,3294.23,3231.14,3294.23,,116.25K,1.88%
11-Aug-16,3239.56,3274.03,3232.61,3233.36,,101.04K,-0.31%
10-Aug-16,3255.18,3261.86,3242.75,3243.34,,90.43K,-0.42%
9-Aug-16,3232.60,3257.33,3229.17,3256.98,,91.07K,0.70%
8-Aug-16,3199.57,3234.48,3187.25,3234.18,,86.68K,0.91%
5-Aug-16,3201.35,3224.87,3192.86,3205.11,,77.20K,0.12%
4-Aug-16,3190.55,3201.55,3170.42,3201.29,,73.50K,0.24%
3-Aug-16,3179.68,3197.16,3173.54,3193.51,,72.86K,0.14%
2-Aug-16,3173.76,3189.05,3165.54,3189.05,,62.17K,0.39%
1-Aug-16,3196.43,3199.98,3156.75,3176.81,,87.00K,-0.85%
29-Jul-16,3217.19,3225.42,3198.68,3203.93,,88.05K,-0.53%
28-Jul-16,3204.46,3235.78,3195.27,3221.14,,112.78K,0.09%
27-Jul-16,3270.08,3276.51,3157.41,3218.24,,160.19K,-1.57%
26-Jul-16,3228.23,3269.75,3228.01,3269.59,,81.05K,1.20%
25-Jul-16,3220.17,3243.79,3218.14,3230.89,,70.20K,0.18%
22-Jul-16,3251.24,3253.77,3220.89,3225.16,,86.03K,-0.84%
21-Jul-16,3238.34,3271.37,3238.30,3252.52,,86.01K,0.46%
20-Jul-16,3246.86,3254.51,3232.26,3237.61,,72.70K,-0.33%
19-Jul-16,3260.43,3264.73,3226.20,3248.23,,88.89K,-0.42%
18-Jul-16,3269.71,3281.64,3251.77,3262.02,,110.31K,-0.44%
15-Jul-16,3278.84,3285.03,3265.29,3276.28,,102.67K,-0.01%
14-Jul-16,3277.48,3281.95,3259.07,3276.76,,107.53K,-0.19%
13-Jul-16,3274.02,3300.99,3271.78,3282.87,,175.20K,0.30%
12-Jul-16,3201.91,3273.47,3200.30,3273.18,,172.53K,2.18%
11-Jul-16,3199.04,3235.96,3197.63,3203.33,,138.53K,0.35%
8-Jul-16,3199.75,3204.93,3183.96,3192.28,,89.74K,-0.55%
7-Jul-16,3206.55,3220.54,3190.12,3209.95,,118.60K,-0.21%
6-Jul-16,3197.62,3217.52,3183.45,3216.80,,124.90K,0.29%
5-Jul-16,3199.16,3216.70,3198.00,3207.38,,130.23K,0.08%
4-Jul-16,3136.39,3210.60,3134.02,3204.70,,133.31K,1.60%
1-Jul-16,3156.93,3170.26,3148.29,3154.20,,71.75K,0.01%
30-Jun-16,3152.83,3163.72,3148.20,3153.92,,79.69K,0.08%
29-Jun-16,3142.48,3158.08,3139.13,3151.39,,103.72K,0.48%
28-Jun-16,3107.40,3139.43,3099.70,3136.40,,92.03K,0.51%
27-Jun-16,3065.13,3120.64,3064.97,3120.54,,83.27K,1.41%
24-Jun-16,3110.65,3130.54,3033.97,3077.16,,104.79K,-1.29%
23-Jun-16,3129.72,3129.72,3102.48,3117.32,,67.75K,-0.53%
22-Jun-16,3100.45,3134.06,3096.99,3133.96,,66.49K,0.89%
21-Jun-16,3124.90,3155.49,3097.94,3106.32,,87.97K,-0.20%
20-Jun-16,3114.91,3118.73,3089.71,3112.67,,63.59K,0.07%
17-Jun-16,3096.09,3131.05,3096.09,3110.36,,85.40K,0.51%
16-Jun-16,3104.36,3112.48,3089.48,3094.67,,82.98K,-0.70%
15-Jun-16,3043.96,3128.67,3042.23,3116.37,,87.39K,1.31%
14-Jun-16,3058.44,3078.75,3055.66,3075.98,,66.28K,0.31%
13-Jun-16,3134.05,3145.61,3065.77,3066.34,,92.98K,-3.09%
8-Jun-16,3171.81,3174.97,3148.35,3163.99,,76.29K,-0.41%
7-Jun-16,3182.44,3186.62,3168.18,3177.05,,68.93K,-0.05%
6-Jun-16,3192.78,3197.22,3168.55,3178.79,,76.69K,-0.33%
3-Jun-16,3172.95,3201.75,3162.09,3189.33,,101.49K,0.70%
2-Jun-16,3158.03,3168.82,3151.07,3167.10,,86.00K,0.21%
1-Jun-16,3172.96,3181.79,3159.82,3160.55,,113.15K,-0.28%
31-May-16,3068.60,3170.93,3068.60,3169.56,,138.86K,3.35%
30-May-16,3056.31,3075.26,3037.66,3066.71,,63.10K,0.14%
27-May-16,3059.73,3073.76,3052.18,3062.50,,60.47K,-0.06%
26-May-16,3056.60,3072.52,3027.44,3064.21,,60.39K,0.16%
25-May-16,3079.75,3089.10,3054.87,3059.23,,56.65K,-0.14%
24-May-16,3083.24,3083.26,3052.59,3063.56,,58.73K,-0.77%
23-May-16,3078.51,3098.48,3076.50,3087.22,,59.70K,0.29%
20-May-16,3047.78,3078.53,3041.52,3078.22,,56.08K,0.51%
19-May-16,3060.34,3086.98,3058.14,3062.50,,60.44K,-0.18%
18-May-16,3071.53,3072.61,3039.46,3068.04,,82.72K,-0.58%
17-May-16,3095.52,3105.20,3073.46,3086.02,,65.28K,-0.30%
16-May-16,3064.53,3095.56,3053.66,3095.31,,59.46K,0.66%
13-May-16,3081.68,3103.10,3064.69,3074.94,,62.63K,-0.49%
12-May-16,3059.38,3095.35,3035.02,3090.14,,78.77K,0.24%
11-May-16,3080.64,3102.88,3063.09,3082.81,,81.79K,0.45%
10-May-16,3055.21,3084.72,3055.18,3069.11,,68.85K,0.11%
9-May-16,3115.43,3115.43,3055.01,3065.62,,99.23K,-2.07%
6-May-16,3213.14,3216.89,3130.15,3130.35,,108.68K,-2.60%
5-May-16,3204.17,3217.28,3196.57,3213.92,,74.73K,0.14%
4-May-16,3203.47,3222.88,3198.29,3209.46,,90.86K,-0.13%
3-May-16,3159.82,3218.49,3151.40,3213.54,,98.17K,1.80%
29-Apr-16,3153.54,3171.29,3149.40,3156.75,,58.03K,-0.12%
28-Apr-16,3169.33,3174.77,3135.64,3160.58,,69.87K,-0.17%
27-Apr-16,3181.93,3188.83,3162.69,3165.92,,60.00K,-0.42%
26-Apr-16,3159.77,3181.10,3150.40,3179.16,,59.02K,0.54%
25-Apr-16,3164.74,3172.27,3137.11,3162.03,,67.52K,-0.41%
22-Apr-16,3142.56,3175.38,3137.99,3174.90,,77.08K,0.45%
21-Apr-16,3160.80,3198.56,3150.94,3160.60,,104.75K,-0.64%
20-Apr-16,3244.14,3248.42,3107.37,3181.03,,162.21K,-1.77%
19-Apr-16,3243.97,3250.73,3221.58,3238.30,,80.87K,0.31%
18-Apr-16,3252.67,3252.67,3221.66,3228.45,,97.09K,-1.34%
15-Apr-16,3279.86,3282.98,3261.73,3272.21,,99.81K,-0.11%
14-Apr-16,3277.10,3286.07,3252.05,3275.83,,113.16K,0.44%
13-Apr-16,3237.86,3296.52,3237.86,3261.38,,195.61K,1.33%
12-Apr-16,3227.37,3232.26,3198.90,3218.45,,92.87K,-0.36%
11-Apr-16,3213.51,3251.57,3213.51,3230.10,,125.21K,1.39%
8-Apr-16,3189.85,3197.77,3163.30,3185.73,,101.01K,-0.73%
7-Apr-16,3266.29,3270.82,3208.64,3209.29,,112.41K,-1.48%
6-Apr-16,3250.52,3267.64,3236.20,3257.53,,120.20K,-0.21%
5-Apr-16,3211.30,3271.93,3205.21,3264.49,,146.05K,1.32%
1-Apr-16,3213.67,3222.61,3165.86,3221.89,,118.12K,0.12%
31-Mar-16,3229.20,3241.93,3208.66,3218.09,,121.55K,0.06%
30-Mar-16,3161.29,3216.68,3161.29,3216.28,,117.80K,2.58%
29-Mar-16,3171.31,3178.07,3122.76,3135.41,,97.30K,-1.08%
28-Mar-16,3206.95,3229.62,3161.88,3169.73,,103.44K,-0.88%
25-Mar-16,3176.81,3204.44,3174.32,3197.82,,97.40K,0.50%
24-Mar-16,3211.50,3221.91,3181.81,3181.85,,133.13K,-1.68%
23-Mar-16,3217.73,3242.25,3202.98,3236.09,,125.68K,0.32%
22-Mar-16,3231.61,3249.68,3218.73,3225.79,,161.02K,-0.73%
21-Mar-16,3203.29,3267.78,3198.36,3249.44,,233.27K,2.44%
18-Mar-16,3136.22,3197.67,3130.10,3171.96,,197.30K,1.53%
17-Mar-16,3096.81,3147.84,3077.57,3124.20,,121.66K,1.11%
16-Mar-16,3068.87,3100.35,3064.52,3090.03,,124.74K,0.50%
15-Mar-16,3061.34,3077.08,3028.58,3074.78,,98.31K,0.30%
14-Mar-16,3039.57,3106.80,3034.00,3065.69,,117.11K,1.57%
11-Mar-16,2990.21,3026.44,2982.17,3018.28,,73.33K,0.17%
10-Mar-16,3056.21,3074.16,3012.69,3013.15,,76.07K,-1.91%
9-Mar-16,3045.92,3072.92,3020.13,3071.91,,111.47K,-1.15%
8-Mar-16,3100.15,3109.25,3001.83,3107.67,,136.24K,0.09%
7-Mar-16,3109.00,3130.90,3083.58,3104.84,,132.46K,0.35%
4-Mar-16,3047.54,3101.66,3032.42,3093.89,,219.17K,1.16%
3-Mar-16,3050.39,3078.44,3040.25,3058.42,,173.11K,0.23%
2-Mar-16,2933.92,3054.72,2933.12,3051.33,,175.97K,4.12%
1-Mar-16,2881.34,2950.44,2863.32,2930.69,,116.05K,1.85%
29-Feb-16,2939.58,2939.87,2821.21,2877.47,,129.34K,-2.39%
26-Feb-16,2942.10,2964.39,2902.95,2948.03,,106.95K,1.00%
25-Feb-16,3104.41,3104.44,2905.46,2918.75,,157.83K,-6.14%
24-Feb-16,3077.61,3109.55,3055.25,3109.55,,111.78K,0.65%
23-Feb-16,3117.20,3119.22,3061.43,3089.36,,112.57K,-0.95%
22-Feb-16,3083.93,3128.21,3071.33,3118.87,,140.95K,2.20%
19-Feb-16,3047.94,3065.97,3032.63,3051.59,,87.34K,-0.07%
18-Feb-16,3079.53,3093.51,3049.84,3053.70,,124.40K,-0.31%
17-Feb-16,3034.09,3065.78,3027.05,3063.32,,128.29K,0.87%
16-Feb-16,2962.19,3042.09,2962.19,3037.04,,112.58K,3.07%
15-Feb-16,2888.43,2961.49,2886.02,2946.71,,72.92K,-0.58%
5-Feb-16,2982.06,2988.36,2962.85,2963.79,,76.85K,-0.70%
4-Feb-16,2960.33,2999.21,2960.21,2984.76,,91.78K,1.22%
3-Feb-16,2931.29,2954.71,2909.90,2948.64,,77.39K,-0.43%
2-Feb-16,2901.53,2972.43,2901.51,2961.33,,88.60K,2.08%
1-Feb-16,2939.04,2944.52,2869.56,2901.05,,86.80K,-1.53%
29-Jan-16,2855.60,2965.31,2854.37,2946.09,,113.30K,3.24%
28-Jan-16,2909.33,2941.89,2841.84,2853.76,,99.22K,-2.61%
27-Jan-16,2953.18,2963.54,2839.29,2930.35,,132.23K,-0.35%
26-Jan-16,3099.60,3106.53,2934.65,2940.51,,126.93K,-6.02%
25-Jan-16,3129.03,3149.33,3105.10,3128.89,,81.54K,0.50%
22-Jan-16,3114.89,3132.17,3053.96,3113.46,,89.95K,1.04%
21-Jan-16,3136.38,3202.54,3081.35,3081.35,,111.19K,-2.93%
20-Jan-16,3204.22,3225.95,3154.43,3174.38,,130.65K,-1.51%
19-Jan-16,3132.70,3227.91,3119.22,3223.13,,127.65K,2.95%
18-Jan-16,3068.23,3165.62,3066.73,3130.73,,101.13K,0.38%
15-Jan-16,3200.89,3216.80,3101.05,3118.73,,124.60K,-3.19%
14-Jan-16,3076.64,3226.66,3072.04,3221.57,,134.54K,2.08%
13-Jan-16,3240.48,3257.30,3155.88,3155.88,,120.67K,-1.86%
12-Jan-16,3214.82,3242.25,3174.55,3215.71,,128.23K,0.73%
11-Jan-16,3303.12,3342.48,3192.45,3192.45,,174.64K,-5.03%
8-Jan-16,3371.87,3418.85,3237.93,3361.56,,185.96K,2.04%
7-Jan-16,3481.15,3481.15,3284.74,3294.38,,44.10K,-6.93%
6-Jan-16,3482.41,3543.74,3468.47,3539.81,,145.97K,1.75%
5-Jan-16,3382.18,3518.22,3377.28,3478.78,,162.12K,0.28%
4-Jan-16,3725.86,3726.24,3468.95,3469.07,,115.37K,-7.02%
