Date,Open,High,Low,Price,Adj. Close,Vol.,Change %
28-Feb-20,4458.93,4536.39,4357.07,4371.04,,97.95K,-5.59%
27-Feb-20,4632.89,4698.45,4548.18,4629.98,,90.27K,0.57%
26-Feb-20,4707.04,4737.97,4587.62,4603.59,,11.55B,-3.49%
25-Feb-20,4630.71,4784.55,4540.15,4769.89,,11.83B,0.76%
24-Feb-20,4654.82,4750.87,4627.49,4734.05,,10.11B,1.52%
21-Feb-20,4594.22,4707.63,4591.12,4663.37,,9.47B,1.53%
20-Feb-20,4521.58,4596.80,4488.99,4592.97,,8.77B,1.89%
19-Feb-20,4556.43,4579.81,4507.54,4507.98,,8.91B,-1.22%
18-Feb-20,4521.09,4563.65,4490.85,4563.65,,8.42B,1.23%
17-Feb-20,4395.00,4508.08,4395.00,4508.08,,8.08B,3.54%
14-Feb-20,4339.78,4409.65,4318.18,4353.83,,7.04B,0.13%
13-Feb-20,4383.18,4408.95,4333.82,4348.28,,7.43B,-0.79%
12-Feb-20,4268.38,4385.24,4263.38,4382.75,,7.33B,2.31%
11-Feb-20,4305.24,4319.96,4251.11,4283.92,,7.17B,-0.21%
10-Feb-20,4226.23,4293.00,4216.91,4293.00,,7.44B,1.29%
7-Feb-20,4194.83,4241.38,4150.94,4238.44,,7.79B,0.80%
6-Feb-20,4065.63,4216.57,4042.85,4204.60,,8.26B,3.17%
5-Feb-20,4019.24,4144.04,4011.04,4075.36,,7.83B,2.09%
4-Feb-20,3759.70,4007.45,3759.70,3991.81,,8.48B,2.97%
3-Feb-20,3858.43,3927.80,3858.43,3876.74,,3.56B,-8.62%
23-Jan-20,4343.04,4396.80,4192.18,4242.33,,6.94B,-3.32%
22-Jan-20,4307.24,4403.32,4259.48,4387.98,,6.00B,1.51%
21-Jan-20,4361.22,4367.16,4321.50,4322.71,,5.72B,-1.26%
20-Jan-20,4303.66,4377.78,4289.73,4377.78,,5.73B,1.79%
17-Jan-20,4318.89,4335.96,4288.78,4300.92,,5.05B,-0.18%
16-Jan-20,4305.99,4329.26,4296.44,4308.89,,5.84B,0.22%
15-Jan-20,4290.65,4306.46,4255.64,4299.52,,5.67B,-0.06%
14-Jan-20,4326.78,4336.68,4301.02,4302.25,,6.91B,-0.16%
13-Jan-20,4235.47,4309.26,4214.83,4309.26,,5.99B,1.81%
10-Jan-20,4252.24,4255.56,4209.72,4232.50,,5.79B,-0.19%
9-Jan-20,4215.74,4240.50,4211.19,4240.50,,6.52B,1.52%
8-Jan-20,4225.87,4241.85,4170.78,4176.81,,7.03B,-1.61%
7-Jan-20,4199.77,4245.05,4197.28,4245.05,,6.69B,1.27%
6-Jan-20,4124.46,4233.17,4118.84,4191.79,,7.22B,1.28%
3-Jan-20,4131.34,4148.47,4113.36,4138.97,,5.80B,0.45%
2-Jan-20,4057.37,4127.47,4039.61,4120.50,,6.94B,2.39%
31-Dec-19,4008.58,4030.81,3996.52,4024.13,,4.81B,0.43%
30-Dec-19,3944.74,4007.03,3915.53,4007.03,,5.96B,1.27%
27-Dec-19,4001.46,4024.43,3953.79,3956.70,,6.61B,-0.95%
26-Dec-19,3966.06,3994.59,3957.62,3994.59,,4.40B,0.72%
25-Dec-19,3936.68,3977.51,3931.23,3966.16,,4.40B,0.52%
24-Dec-19,3887.69,3945.60,3881.54,3945.60,,4.15B,1.82%
23-Dec-19,3928.25,3954.71,3872.03,3874.91,,4.57B,-1.79%
20-Dec-19,3989.47,4004.10,3944.39,3945.52,,5.05B,-1.05%
19-Dec-19,3992.82,3999.76,3967.70,3987.29,,4.99B,-0.07%
18-Dec-19,3985.11,4013.90,3976.31,3990.22,,5.90B,0.03%
17-Dec-19,3942.77,4009.31,3939.07,3988.97,,7.16B,1.27%
16-Dec-19,3872.19,3939.03,3864.97,3939.03,,5.85B,2.19%
13-Dec-19,3829.21,3861.17,3814.17,3854.78,,5.07B,1.51%
12-Dec-19,3804.53,3821.85,3793.39,3797.52,,4.01B,-0.24%
11-Dec-19,3824.47,3835.57,3795.01,3806.66,,4.39B,-0.59%
10-Dec-19,3796.33,3831.40,3783.57,3829.22,,4.45B,0.65%
9-Dec-19,3803.86,3820.04,3789.71,3804.32,,4.37B,0.36%
6-Dec-19,3753.63,3790.50,3748.06,3790.50,,3.76B,0.99%
5-Dec-19,3714.36,3762.25,3709.05,3753.51,,3.97B,1.27%
4-Dec-19,3680.19,3718.73,3677.72,3706.27,,3.10B,0.19%
3-Dec-19,3667.04,3699.17,3645.60,3699.17,,2.99B,0.46%
2-Dec-19,3674.51,3697.54,3667.25,3682.41,,3.09B,0.33%
29-Nov-19,3664.07,3684.20,3635.15,3670.33,,2.97B,0.12%
28-Nov-19,3675.41,3689.97,3656.02,3666.03,,3.22B,-0.41%
27-Nov-19,3666.44,3701.18,3653.18,3681.01,,3.83B,0.23%
26-Nov-19,3678.08,3692.56,3662.29,3672.52,,4.20B,0.01%
25-Nov-19,3691.71,3694.02,3641.45,3672.23,,4.27B,-0.45%
22-Nov-19,3731.85,3775.22,3666.39,3688.81,,4.48B,-0.97%
21-Nov-19,3716.79,3741.74,3705.79,3724.88,,3.15B,-0.16%
20-Nov-19,3755.06,3774.24,3726.86,3731.01,,4.05B,-0.58%
19-Nov-19,3678.06,3752.89,3674.99,3752.89,,3.71B,2.12%
18-Nov-19,3639.92,3682.94,3636.93,3675.07,,3.25B,0.82%
15-Nov-19,3675.83,3699.31,3645.23,3645.23,,3.49B,-0.89%
14-Nov-19,3645.79,3686.87,3641.70,3678.00,,3.31B,0.90%
13-Nov-19,3644.27,3659.04,3626.93,3645.25,,2.88B,0.00%
12-Nov-19,3648.33,3653.68,3597.54,3645.28,,3.43B,-0.05%
11-Nov-19,3708.25,3708.25,3642.02,3647.00,,3.87B,-2.22%
8-Nov-19,3761.63,3777.92,3727.70,3729.88,,4.26B,-0.26%
7-Nov-19,3706.28,3749.63,3699.51,3739.51,,3.62B,0.76%
6-Nov-19,3745.42,3753.19,3697.39,3711.26,,3.96B,-1.04%
5-Nov-19,3728.29,3761.22,3706.11,3750.16,,4.32B,0.76%
4-Nov-19,3707.49,3745.68,3707.49,3721.94,,3.91B,0.64%
1-Nov-19,3658.88,3700.76,3650.80,3698.25,,3.44B,0.85%
31-Oct-19,3704.06,3712.66,3663.05,3666.97,,3.77B,-0.91%
30-Oct-19,3712.96,3727.72,3686.10,3700.71,,4.35B,-0.88%
29-Oct-19,3790.18,3790.18,3733.38,3733.38,,5.49B,-1.65%
28-Oct-19,3755.52,3796.12,3747.95,3796.04,,5.13B,2.11%
25-Oct-19,3680.34,3720.89,3657.67,3717.65,,3.46B,0.99%
24-Oct-19,3690.99,3694.74,3653.07,3681.34,,2.97B,-0.29%
23-Oct-19,3724.98,3725.15,3683.85,3692.19,,3.06B,-0.86%
22-Oct-19,3684.57,3726.39,3682.78,3724.24,,3.25B,1.17%
21-Oct-19,3687.45,3687.62,3647.57,3681.07,,3.13B,-0.23%
18-Oct-19,3741.76,3759.81,3682.65,3689.73,,3.66B,-1.26%
17-Oct-19,3738.39,3748.90,3726.72,3736.64,,3.14B,0.10%
16-Oct-19,3755.66,3771.33,3731.12,3732.89,,3.65B,-0.48%
15-Oct-19,3800.20,3800.20,3747.72,3751.03,,4.35B,-1.56%
14-Oct-19,3789.43,3831.30,3781.31,3810.57,,5.19B,1.41%
11-Oct-19,3763.89,3775.52,3725.75,3757.56,,4.09B,0.02%
10-Oct-19,3706.76,3760.40,3699.50,3756.70,,3.76B,1.55%
9-Oct-19,3656.60,3702.22,3635.43,3699.40,,3.36B,0.90%
8-Oct-19,3693.82,3716.29,3664.30,3666.42,,3.52B,-0.55%
30-Sep-19,3734.49,3747.78,3686.85,3686.85,,3.48B,-1.11%
27-Sep-19,3696.35,3745.43,3696.35,3728.29,,3.98B,0.96%
26-Sep-19,3802.61,3810.28,3692.84,3692.84,,4.86B,-2.66%
25-Sep-19,3855.19,3855.19,3790.58,3793.76,,4.77B,-2.05%
24-Sep-19,3853.31,3910.36,3851.30,3873.03,,5.06B,0.42%
23-Sep-19,3872.96,3872.96,3820.59,3857.00,,4.63B,-0.74%
20-Sep-19,3881.65,3899.76,3867.84,3885.78,,4.53B,0.16%
19-Sep-19,3844.98,3879.42,3826.22,3879.42,,4.04B,1.21%
18-Sep-19,3844.81,3850.88,3809.07,3833.04,,3.99B,-0.10%
17-Sep-19,3917.88,3917.88,3820.22,3837.06,,5.11B,-2.32%
16-Sep-19,3938.98,3951.73,3910.42,3928.10,,5.10B,0.06%
12-Sep-19,3922.59,3936.61,3892.85,3925.85,,4.51B,0.38%
11-Sep-19,3950.35,3960.69,3904.11,3911.16,,5.46B,-0.64%
10-Sep-19,3956.62,3957.09,3912.23,3936.25,,6.43B,-0.51%
9-Sep-19,3903.43,3956.52,3877.54,3956.52,,6.78B,2.40%
6-Sep-19,3866.67,3878.46,3826.94,3863.95,,5.71B,0.34%
5-Sep-19,3831.44,3907.08,3831.04,3850.90,,8.09B,1.09%
4-Sep-19,3766.86,3809.43,3759.08,3809.43,,6.36B,0.98%
3-Sep-19,3742.12,3772.59,3730.56,3772.59,,5.85B,0.97%
2-Sep-19,3643.09,3743.65,3641.27,3736.18,,5.37B,2.82%
30-Aug-19,3684.98,3700.00,3615.71,3633.87,,4.96B,-0.79%
29-Aug-19,3663.20,3681.76,3642.96,3662.98,,4.45B,0.19%
28-Aug-19,3669.43,3672.36,3644.78,3656.15,,4.35B,-0.39%
27-Aug-19,3635.54,3703.92,3634.40,3670.53,,5.17B,1.60%
26-Aug-19,3567.53,3621.56,3562.98,3612.69,,4.32B,-0.63%
23-Aug-19,3636.87,3653.26,3615.78,3635.68,,4.00B,-0.04%
22-Aug-19,3641.58,3646.64,3610.54,3637.23,,4.25B,0.15%
21-Aug-19,3625.20,3645.86,3614.51,3631.71,,4.23B,-0.06%
20-Aug-19,3641.65,3668.95,3625.62,3633.86,,5.44B,-0.12%
19-Aug-19,3556.07,3638.33,3551.52,3638.33,,5.79B,3.52%
16-Aug-19,3488.25,3542.59,3485.37,3514.54,,4.03B,0.61%
15-Aug-19,3395.54,3495.25,3388.48,3493.36,,3.98B,0.62%
14-Aug-19,3492.06,3511.89,3465.90,3471.75,,3.77B,0.73%
13-Aug-19,3447.85,3463.06,3432.25,3446.55,,2.84B,-0.82%
12-Aug-19,3410.89,3475.01,3394.72,3475.01,,3.19B,2.09%
9-Aug-19,3466.29,3475.36,3399.32,3403.80,,3.22B,-1.28%
8-Aug-19,3442.51,3455.71,3430.51,3448.04,,3.00B,0.72%
7-Aug-19,3472.92,3479.28,3423.27,3423.27,,3.23B,-0.70%
6-Aug-19,3445.09,3466.41,3373.66,3447.25,,4.61B,-1.77%
5-Aug-19,3549.48,3583.23,3509.47,3509.47,,3.41B,-1.41%
2-Aug-19,3527.28,3566.18,3513.34,3559.61,,3.70B,-1.37%
1-Aug-19,3610.22,3628.10,3593.24,3608.97,,3.29B,-0.58%
31-Jul-19,3634.19,3644.56,3622.69,3629.93,,3.10B,-0.36%
30-Jul-19,3623.49,3673.09,3623.48,3642.88,,3.73B,0.63%
29-Jul-19,3611.45,3630.02,3600.15,3619.94,,3.02B,0.19%
26-Jul-19,3601.67,3616.06,3591.32,3613.07,,2.79B,0.03%
25-Jul-19,3591.69,3617.22,3583.98,3611.95,,3.35B,0.55%
24-Jul-19,3559.47,3611.44,3559.27,3592.05,,3.54B,1.18%
23-Jul-19,3516.52,3550.03,3515.60,3550.03,,2.59B,1.04%
22-Jul-19,3585.69,3586.07,3502.84,3513.45,,3.31B,-1.87%
19-Jul-19,3566.07,3609.91,3566.07,3580.42,,3.25B,0.84%
18-Jul-19,3596.31,3596.31,3549.61,3550.51,,3.19B,-1.73%
17-Jul-19,3607.96,3632.28,3595.52,3612.93,,3.42B,0.08%
16-Jul-19,3597.57,3616.82,3591.01,3609.88,,3.06B,0.16%
15-Jul-19,3538.78,3625.28,3496.60,3604.26,,4.10B,1.60%
12-Jul-19,3542.95,3557.77,3515.28,3547.49,,2.70B,0.21%
11-Jul-19,3552.86,3584.83,3524.28,3539.97,,2.82B,0.20%
10-Jul-19,3573.09,3576.51,3521.75,3532.99,,2.61B,-0.84%
9-Jul-19,3552.09,3571.58,3527.85,3563.09,,2.82B,0.26%
8-Jul-19,3665.10,3665.29,3540.84,3553.86,,4.05B,-3.13%
5-Jul-19,3663.06,3676.74,3639.54,3668.54,,2.94B,0.28%
4-Jul-19,3679.22,3692.21,3642.56,3658.40,,3.49B,-0.38%
3-Jul-19,3702.65,3703.44,3659.07,3672.37,,3.58B,-1.07%
2-Jul-19,3714.80,3726.47,3696.67,3712.00,,4.32B,-0.23%
1-Jul-19,3681.91,3720.40,3662.35,3720.40,,5.27B,3.25%
28-Jun-19,3639.60,3639.60,3580.27,3603.32,,3.25B,-1.02%
27-Jun-19,3618.95,3662.64,3618.95,3640.57,,3.49B,0.98%
26-Jun-19,3583.20,3626.16,3572.29,3605.25,,3.12B,-0.06%
25-Jun-19,3641.29,3641.42,3564.12,3607.46,,4.21B,-0.97%
24-Jun-19,3658.55,3661.84,3627.44,3642.96,,4.27B,-0.11%
21-Jun-19,3608.05,3664.50,3608.05,3646.84,,5.50B,1.67%
20-Jun-19,3509.36,3610.82,3498.18,3587.11,,5.31B,2.13%
19-Jun-19,3551.73,3570.30,3510.99,3512.13,,4.30B,1.41%
18-Jun-19,3459.82,3481.51,3439.04,3463.19,,2.72B,0.13%
17-Jun-19,3458.92,3480.28,3442.38,3458.66,,3.09B,-0.14%
14-Jun-19,3532.78,3544.15,3458.87,3463.68,,3.86B,-1.92%
13-Jun-19,3520.32,3542.36,3501.52,3531.34,,3.54B,0.18%
12-Jun-19,3553.15,3567.33,3519.52,3524.82,,4.62B,-1.12%
11-Jun-19,3443.80,3567.02,3434.96,3564.92,,5.03B,3.67%
10-Jun-19,3406.34,3456.93,3387.99,3438.71,,3.19B,1.33%
6-Jun-19,3457.39,3457.39,3386.53,3393.41,,3.42B,-1.85%
5-Jun-19,3493.64,3502.31,3453.61,3457.25,,3.17B,-0.08%
4-Jun-19,3496.91,3502.38,3439.16,3460.10,,3.46B,-1.11%
3-Jun-19,3548.14,3564.96,3485.69,3499.01,,3.83B,-1.29%
31-May-19,3548.77,3584.56,3536.36,3544.72,,3.56B,-0.16%
30-May-19,3560.47,3560.92,3507.84,3550.45,,3.77B,-0.69%
29-May-19,3566.25,3605.64,3555.83,3575.13,,3.66B,-0.10%
28-May-19,3587.44,3608.57,3558.05,3578.79,,3.85B,-0.24%
27-May-19,3493.98,3595.27,3477.48,3587.51,,4.23B,2.90%
24-May-19,3501.87,3533.03,3482.03,3486.57,,3.42B,-0.93%
23-May-19,3594.30,3594.30,3509.91,3519.35,,4.17B,-2.43%
22-May-19,3611.44,3635.83,3578.93,3606.85,,4.25B,-0.16%
21-May-19,3547.62,3626.64,3536.81,3612.80,,4.42B,1.83%
20-May-19,3561.87,3568.14,3488.61,3547.92,,3.98B,-0.47%
17-May-19,3693.25,3696.26,3551.06,3564.51,,4.75B,-3.38%
16-May-19,3668.36,3695.27,3654.37,3689.30,,4.24B,0.48%
15-May-19,3621.00,3678.51,3615.55,3671.66,,3.83B,2.23%
14-May-19,3578.12,3633.38,3574.70,3591.46,,3.57B,-0.85%
13-May-19,3632.15,3654.55,3605.87,3622.29,,3.81B,-1.38%
10-May-19,3571.04,3673.68,3501.88,3673.00,,5.24B,3.96%
9-May-19,3540.11,3586.29,3528.05,3532.98,,3.69B,-1.21%
8-May-19,3523.90,3642.34,3507.65,3576.22,,4.34B,-0.68%
7-May-19,3578.97,3620.42,3538.21,3600.64,,4.88B,1.17%
6-May-19,3705.37,3714.68,3536.18,3559.08,,5.81B,-7.58%
30-Apr-19,3819.66,3880.01,3812.35,3851.00,,4.17B,0.53%
29-Apr-19,3919.18,3930.36,3817.56,3830.63,,5.47B,-2.18%
26-Apr-19,3932.37,3980.07,3914.63,3916.18,,5.00B,-0.90%
25-Apr-19,4085.78,4092.06,3949.87,3951.58,,6.05B,-3.72%
24-Apr-19,4065.22,4105.82,4019.42,4104.28,,5.49B,1.14%
23-Apr-19,4111.93,4116.35,4046.90,4058.06,,6.05B,-1.45%
22-Apr-19,4197.46,4199.37,4106.27,4117.63,,6.35B,-1.71%
19-Apr-19,4156.17,4189.13,4120.54,4189.13,,5.62B,0.76%
18-Apr-19,4177.36,4196.47,4150.50,4157.61,,6.00B,-0.56%
17-Apr-19,4167.93,4208.77,4153.85,4181.10,,6.77B,0.33%
16-Apr-19,4043.81,4167.34,4017.78,4167.34,,6.83B,2.47%
15-Apr-19,4170.10,4183.16,4065.80,4066.82,,6.60B,-0.99%
12-Apr-19,4116.06,4134.35,4074.81,4107.68,,5.51B,-0.33%
11-Apr-19,4215.68,4224.17,4117.32,4121.31,,6.70B,-2.21%
10-Apr-19,4209.67,4255.74,4177.50,4214.60,,7.56B,-0.48%
9-Apr-19,4203.98,4250.21,4175.97,4235.13,,7.82B,0.53%
8-Apr-19,4285.38,4299.76,4153.90,4212.90,,9.86B,-0.91%
4-Apr-19,4262.52,4274.21,4213.84,4251.47,,8.47B,0.25%
3-Apr-19,4177.39,4246.16,4161.93,4241.00,,8.08B,0.97%
2-Apr-19,4222.12,4241.44,4182.24,4200.29,,9.69B,0.15%
1-Apr-19,4074.91,4202.85,4074.77,4194.00,,9.56B,3.77%
29-Mar-19,3902.75,4041.50,3883.61,4041.50,,7.33B,3.77%
28-Mar-19,3927.01,3978.76,3893.34,3894.75,,5.51B,-1.05%
27-Mar-19,3947.15,3957.08,3861.03,3936.21,,5.69B,0.53%
26-Mar-19,4039.81,4053.44,3904.35,3915.41,,6.95B,-2.65%
25-Mar-19,4014.42,4086.29,4004.29,4022.12,,7.04B,-1.68%
22-Mar-19,4089.25,4094.64,4012.37,4090.86,,7.49B,0.01%
21-Mar-19,4041.77,4120.39,4033.15,4090.55,,9.57B,1.44%
20-Mar-19,4046.73,4055.32,3962.18,4032.43,,8.42B,-0.31%
19-Mar-19,4035.36,4079.40,4017.17,4045.02,,7.31B,0.36%
18-Mar-19,3935.65,4030.67,3900.21,4030.67,,7.14B,2.74%
15-Mar-19,3914.09,3970.95,3882.90,3923.09,,6.47B,0.86%
14-Mar-19,3955.72,4000.22,3843.74,3889.47,,7.90B,-2.44%
13-Mar-19,4103.66,4103.66,3958.67,3986.91,,10.19B,-2.75%
12-Mar-19,4052.40,4124.06,4024.77,4099.73,,10.99B,2.02%
11-Mar-19,3888.46,4018.53,3877.60,4018.53,,9.30B,4.04%
8-Mar-19,3895.79,4036.99,3857.51,3862.56,,12.67B,-3.36%
7-Mar-19,3950.30,4040.46,3923.77,3996.88,,11.34B,0.97%
6-Mar-19,3927.43,3961.87,3871.37,3958.61,,11.06B,1.46%
5-Mar-19,3784.13,3901.51,3769.96,3901.51,,9.00B,2.77%
4-Mar-19,3753.63,3872.12,3750.98,3796.52,,10.04B,2.16%
1-Mar-19,3707.18,3719.23,3655.61,3716.10,,6.20B,0.95%
28-Feb-19,3673.97,3714.32,3657.17,3681.01,,6.54B,0.29%
27-Feb-19,3689.84,3731.49,3627.67,3670.27,,8.67B,-0.84%
26-Feb-19,3725.61,3786.61,3680.71,3701.29,,11.54B,-0.41%
25-Feb-19,3561.61,3716.54,3557.62,3716.54,,11.20B,6.06%
22-Feb-19,3404.52,3504.32,3395.33,3504.32,,6.62B,2.62%
21-Feb-19,3423.58,3488.32,3400.22,3414.90,,6.64B,-0.27%
20-Feb-19,3418.29,3431.93,3386.02,3424.30,,5.49B,0.12%
19-Feb-19,3436.55,3454.62,3379.80,3420.27,,6.78B,-0.04%
18-Feb-19,3316.10,3421.78,3316.10,3421.78,,6.10B,3.81%
15-Feb-19,3314.56,3327.99,3291.38,3296.17,,4.68B,-0.73%
14-Feb-19,3302.70,3335.05,3289.63,3320.30,,4.17B,0.54%
13-Feb-19,3248.64,3311.36,3239.49,3302.42,,5.12B,1.75%
12-Feb-19,3212.17,3252.85,3206.44,3245.55,,4.02B,1.00%
11-Feb-19,3128.80,3214.15,3128.80,3213.43,,3.60B,2.95%
1-Feb-19,3040.65,3121.96,3040.65,3121.46,,3.02B,3.01%
31-Jan-19,3043.76,3074.05,3010.62,3030.38,,3.30B,-0.55%
30-Jan-19,3069.03,3093.14,3046.97,3047.18,,2.62B,-1.05%
29-Jan-19,3107.51,3107.51,3029.32,3079.67,,3.28B,-1.00%
28-Jan-19,3143.44,3164.07,3102.55,3110.72,,3.07B,-0.48%
25-Jan-19,3128.98,3152.58,3117.87,3125.59,,3.36B,-0.03%
24-Jan-19,3108.99,3143.14,3090.19,3126.66,,3.19B,0.66%
23-Jan-19,3095.09,3113.17,3090.16,3106.29,,2.49B,0.12%
22-Jan-19,3145.04,3145.04,3090.88,3102.49,,2.99B,-1.45%
21-Jan-19,3133.60,3164.19,3126.51,3148.28,,3.21B,0.62%
18-Jan-19,3093.73,3131.15,3086.93,3128.94,,3.72B,1.31%
17-Jan-19,3117.00,3123.68,3085.59,3088.58,,3.13B,-0.96%
16-Jan-19,3128.97,3147.38,3113.64,3118.39,,3.18B,-0.32%
15-Jan-19,3078.05,3130.00,3071.66,3128.40,,3.18B,1.53%
14-Jan-19,3107.16,3112.44,3075.25,3081.38,,2.99B,-0.74%
11-Jan-19,3083.55,3106.67,3071.81,3104.31,,2.91B,0.77%
10-Jan-19,3088.05,3107.95,3074.72,3080.56,,3.07B,-0.28%
9-Jan-19,3089.33,3138.25,3080.56,3089.20,,3.96B,0.12%
8-Jan-19,3079.99,3093.56,3073.53,3085.44,,3.23B,-0.09%
7-Jan-19,3048.53,3092.18,3037.93,3088.31,,3.67B,1.93%
4-Jan-19,2924.78,3030.54,2919.64,3029.97,,3.47B,2.59%
3-Jan-19,2979.44,3011.40,2952.07,2953.36,,2.70B,-1.00%
2-Jan-19,3018.97,3022.40,2974.88,2983.17,,2.31B,-0.98%
28-Dec-18,3012.02,3031.97,2988.94,3012.76,,2.54B,0.29%
27-Dec-18,3085.19,3092.00,3003.14,3003.99,,2.78B,-1.20%
26-Dec-18,3053.91,3074.10,3035.75,3040.62,,2.32B,-0.57%
25-Dec-18,3059.16,3070.26,2989.26,3057.90,,2.97B,-1.07%
24-Dec-18,3056.81,3091.02,3045.60,3090.82,,2.07B,0.94%
21-Dec-18,3071.31,3080.07,3038.95,3062.09,,2.40B,-0.65%
20-Dec-18,3067.10,3094.72,3056.56,3082.15,,2.23B,0.32%
19-Dec-18,3128.29,3128.88,3068.59,3072.45,,2.03B,-1.63%
18-Dec-18,3125.68,3151.41,3093.70,3123.29,,2.35B,-0.63%
17-Dec-18,3147.47,3157.94,3108.94,3143.12,,2.43B,-0.56%
14-Dec-18,3234.11,3236.67,3157.85,3160.68,,3.09B,-2.45%
13-Dec-18,3216.90,3261.08,3193.35,3240.17,,3.09B,1.07%
12-Dec-18,3217.93,3225.28,3198.11,3205.80,,2.41B,0.04%
11-Dec-18,3189.66,3206.35,3182.25,3204.51,,2.44B,0.84%
10-Dec-18,3194.69,3208.54,3173.41,3177.93,,2.68B,-1.13%
7-Dec-18,3220.40,3231.04,3207.29,3214.29,,2.58B,0.02%
6-Dec-18,3264.58,3267.96,3209.18,3213.65,,3.20B,-2.15%
5-Dec-18,3236.20,3302.72,3228.28,3284.16,,3.76B,-0.22%
4-Dec-18,3268.92,3292.34,3261.34,3291.25,,3.51B,0.55%
3-Dec-18,3252.07,3288.65,3234.71,3273.40,,4.54B,3.35%
30-Nov-18,3130.19,3171.41,3099.50,3167.16,,3.11B,0.92%
29-Nov-18,3229.82,3236.77,3138.39,3138.39,,3.66B,-2.37%
28-Nov-18,3176.22,3214.43,3135.71,3214.43,,3.57B,1.26%
27-Nov-18,3176.16,3196.32,3151.86,3174.56,,2.89B,0.63%
26-Nov-18,3162.95,3188.12,3139.19,3154.78,,3.01B,-0.50%
23-Nov-18,3296.00,3297.71,3164.91,3170.68,,4.41B,-3.96%
22-Nov-18,3317.49,3331.09,3288.31,3301.42,,3.70B,-0.22%
21-Nov-18,3253.39,3314.32,3249.23,3308.61,,4.25B,0.50%
20-Nov-18,3355.91,3373.92,3290.72,3292.17,,5.08B,-2.83%
19-Nov-18,3378.48,3391.46,3345.03,3387.99,,5.41B,0.13%
16-Nov-18,3362.18,3405.60,3347.34,3383.71,,5.51B,0.57%
15-Nov-18,3308.07,3364.59,3307.89,3364.59,,4.60B,1.41%
14-Nov-18,3329.70,3356.35,3310.07,3317.90,,5.14B,-0.73%
13-Nov-18,3244.66,3360.32,3237.45,3342.20,,6.60B,1.77%
12-Nov-18,3188.78,3284.13,3183.90,3284.13,,4.56B,2.85%
9-Nov-18,3182.04,3210.88,3172.63,3193.07,,3.53B,-0.12%
8-Nov-18,3243.55,3249.10,3195.13,3196.92,,3.49B,-0.77%
7-Nov-18,3232.08,3267.97,3220.40,3221.64,,3.86B,-0.44%
6-Nov-18,3231.42,3237.72,3196.76,3236.00,,3.54B,-0.06%
5-Nov-18,3230.05,3260.89,3190.21,3237.84,,4.44B,0.01%
2-Nov-18,3187.68,3237.43,3179.75,3237.37,,4.91B,3.63%
1-Nov-18,3122.60,3174.81,3121.67,3123.98,,4.25B,0.88%
31-Oct-18,3060.38,3117.21,3054.10,3096.64,,3.49B,1.29%
30-Oct-18,3017.94,3081.21,2974.49,3057.27,,3.60B,0.95%
29-Oct-18,3064.20,3070.21,3015.64,3028.44,,2.78B,-1.40%
26-Oct-18,3091.76,3113.68,3059.66,3071.36,,3.57B,0.12%
25-Oct-18,2982.25,3073.79,2968.48,3067.60,,3.49B,-0.09%
24-Oct-18,3066.91,3107.97,3044.58,3070.26,,3.42B,-0.40%
23-Oct-18,3140.29,3149.53,3063.55,3082.61,,3.80B,-1.75%
22-Oct-18,3015.78,3167.72,3015.78,3137.58,,4.72B,5.01%
19-Oct-18,2860.44,2991.96,2854.18,2987.98,,3.53B,2.72%
18-Oct-18,2968.71,2968.71,2905.35,2908.81,,3.03B,-2.92%
17-Oct-18,3001.88,3017.44,2923.33,2996.25,,3.55B,0.94%
16-Oct-18,3042.67,3063.27,2951.94,2968.38,,3.20B,-2.53%
15-Oct-18,3100.61,3125.86,3042.18,3045.36,,3.03B,-1.55%
12-Oct-18,3069.83,3108.01,2982.22,3093.36,,3.83B,0.06%
11-Oct-18,3216.27,3234.48,3071.04,3091.45,,4.41B,-6.96%
10-Oct-18,3330.97,3345.20,3294.01,3322.57,,2.72B,-0.08%
9-Oct-18,3348.10,3368.86,3309.97,3325.25,,2.45B,-0.54%
8-Oct-18,3398.34,3412.53,3338.73,3343.38,,3.05B,-3.44%
28-Sep-18,3442.71,3462.64,3425.33,3462.64,,2.73B,0.74%
27-Sep-18,3478.86,3485.15,3436.42,3437.25,,3.29B,-1.28%
26-Sep-18,3468.56,3498.99,3455.42,3481.69,,3.41B,0.52%
25-Sep-18,3453.44,3477.96,3443.61,3463.85,,2.69B,-0.41%
21-Sep-18,3431.98,3483.18,3411.32,3478.23,,3.50B,1.60%
20-Sep-18,3425.10,3446.78,3415.25,3423.52,,3.19B,-0.12%
19-Sep-18,3378.29,3455.20,3371.55,3427.66,,3.69B,1.22%
18-Sep-18,3313.53,3386.47,3312.82,3386.47,,2.94B,1.89%
17-Sep-18,3361.67,3361.67,3311.76,3323.61,,2.75B,-1.73%
14-Sep-18,3430.42,3430.47,3382.23,3382.23,,3.29B,-1.36%
13-Sep-18,3432.98,3449.26,3375.08,3428.93,,3.24B,0.78%
12-Sep-18,3400.01,3431.18,3390.82,3402.40,,2.31B,0.06%
11-Sep-18,3399.84,3421.99,3371.22,3400.42,,2.51B,0.00%
10-Sep-18,3466.03,3466.86,3398.95,3400.38,,2.79B,-1.90%
7-Sep-18,3471.22,3524.53,3444.87,3466.20,,2.98B,-0.01%
6-Sep-18,3475.74,3512.23,3451.71,3466.50,,2.51B,-0.65%
5-Sep-18,3528.29,3541.24,3488.83,3489.09,,3.72B,-1.47%
4-Sep-18,3497.81,3549.58,3492.23,3541.08,,3.41B,1.07%
3-Sep-18,3485.84,3503.71,3441.47,3503.71,,2.97B,0.31%
31-Aug-18,3519.77,3526.46,3483.30,3492.94,,2.63B,-1.16%
30-Aug-18,3585.78,3598.58,3530.45,3534.10,,3.04B,-1.54%
29-Aug-18,3613.28,3614.22,3579.19,3589.30,,3.09B,-0.81%
28-Aug-18,3610.58,3623.72,3600.32,3618.52,,2.88B,0.28%
27-Aug-18,3528.56,3610.82,3528.56,3608.42,,2.98B,2.49%
24-Aug-18,3524.44,3544.08,3510.43,3520.85,,2.30B,-0.37%
23-Aug-18,3506.43,3549.28,3499.28,3533.84,,2.57B,0.71%
22-Aug-18,3548.84,3549.49,3503.96,3508.82,,2.41B,-1.32%
21-Aug-18,3514.97,3560.49,3502.89,3555.80,,2.86B,1.04%
20-Aug-18,3495.97,3519.44,3444.80,3519.18,,2.83B,0.58%
17-Aug-18,3579.84,3593.77,3490.93,3498.84,,2.68B,-1.47%
16-Aug-18,3540.69,3591.61,3509.35,3550.97,,2.58B,-0.89%
15-Aug-18,3664.73,3665.56,3576.67,3582.98,,2.85B,-2.19%
14-Aug-18,3679.74,3686.31,3651.04,3663.16,,2.48B,-0.65%
13-Aug-18,3626.73,3691.99,3613.77,3687.24,,2.84B,0.66%
10-Aug-18,3635.34,3667.19,3634.06,3663.21,,2.72B,0.64%
9-Aug-18,3524.98,3659.14,3520.77,3639.75,,3.60B,2.90%
8-Aug-18,3591.73,3600.24,3534.17,3537.31,,2.83B,-1.78%
7-Aug-18,3512.62,3601.47,3483.58,3601.47,,2.94B,2.72%
6-Aug-18,3584.33,3601.06,3483.94,3505.99,,2.79B,-2.31%
3-Aug-18,3633.98,3652.10,3589.06,3589.06,,2.64B,-1.37%
2-Aug-18,3716.27,3716.29,3559.53,3638.83,,3.90B,-2.35%
1-Aug-18,3801.08,3818.79,3726.49,3726.49,,3.28B,-1.69%
31-Jul-18,3787.28,3807.01,3770.27,3790.59,,2.67B,-0.05%
30-Jul-18,3842.85,3852.63,3781.70,3792.64,,3.06B,-1.37%
27-Jul-18,3859.76,3870.31,3829.62,3845.15,,3.31B,-0.52%
26-Jul-18,3903.70,3911.03,3854.65,3865.26,,3.91B,-0.98%
25-Jul-18,3902.26,3929.50,3890.74,3903.51,,4.12B,0.12%
24-Jul-18,3835.48,3909.99,3835.48,3898.64,,4.72B,1.64%
23-Jul-18,3774.30,3835.89,3764.67,3835.89,,3.94B,1.01%
20-Jul-18,3742.46,3807.36,3722.59,3797.58,,3.00B,1.28%
19-Jul-18,3780.57,3804.68,3736.13,3749.48,,2.71B,-0.98%
18-Jul-18,3815.53,3834.11,3786.45,3786.45,,3.06B,-0.92%
17-Jul-18,3817.99,3821.58,3774.40,3821.58,,2.86B,-0.23%
16-Jul-18,3829.73,3842.54,3809.30,3830.34,,2.88B,-0.16%
13-Jul-18,3819.56,3842.03,3814.06,3836.52,,3.30B,0.59%
12-Jul-18,3706.30,3823.08,3706.30,3814.06,,3.93B,2.79%
11-Jul-18,3720.92,3736.76,3659.74,3710.42,,2.92B,-1.98%
10-Jul-18,3764.74,3786.97,3752.53,3785.53,,2.67B,0.68%
9-Jul-18,3690.48,3760.08,3690.48,3760.08,,2.67B,2.14%
6-Jul-18,3666.17,3733.05,3605.85,3681.38,,3.05B,0.45%
5-Jul-18,3751.35,3764.97,3663.32,3664.83,,2.63B,-2.54%
4-Jul-18,3802.83,3807.58,3745.38,3760.33,,2.80B,-1.64%
3-Jul-18,3780.22,3830.18,3711.65,3822.97,,3.30B,1.06%
2-Jul-18,3842.26,3858.83,3753.24,3783.00,,2.80B,-1.61%
29-Jun-18,3716.63,3844.99,3714.68,3844.99,,2.94B,3.60%
28-Jun-18,3736.58,3782.84,3705.70,3711.46,,2.42B,-0.84%
27-Jun-18,3786.08,3806.62,3732.01,3742.98,,2.50B,-1.17%
26-Jun-18,3711.99,3794.36,3700.45,3787.12,,2.68B,0.59%
25-Jun-18,3819.76,3830.05,3762.31,3764.77,,2.46B,-0.71%
22-Jun-18,3717.68,3800.15,3692.11,3791.87,,2.51B,1.36%
21-Jun-18,3823.74,3849.49,3739.72,3741.09,,3.01B,-2.15%
20-Jun-18,3765.07,3844.63,3741.02,3823.33,,2.93B,1.07%
19-Jun-18,3953.02,3971.32,3739.02,3783.00,,3.63B,-5.92%
15-Jun-18,4097.22,4104.67,4002.67,4020.92,,2.63B,-1.96%
14-Jun-18,4109.82,4153.75,4088.06,4101.31,,2.17B,-0.51%
13-Jun-18,4176.77,4177.00,4122.33,4122.33,,2.22B,-1.47%
12-Jun-18,4138.87,4184.59,4102.72,4183.69,,2.23B,1.17%
11-Jun-18,4165.24,4175.90,4122.48,4135.26,,2.06B,-0.90%
8-Jun-18,4208.01,4208.29,4143.79,4172.71,,2.46B,-0.98%
7-Jun-18,4254.15,4259.85,4212.43,4213.97,,2.34B,-0.73%
6-Jun-18,4244.01,4261.59,4226.96,4244.87,,2.36B,-0.05%
5-Jun-18,4164.81,4246.94,4164.81,4246.94,,2.41B,1.93%
4-Jun-18,4173.82,4183.66,4136.39,4166.61,,2.36B,-0.12%
1-Jun-18,4215.85,4230.62,4149.98,4171.51,,2.49B,-1.47%
31-May-18,4215.27,4238.26,4167.65,4233.83,,2.69B,1.22%
30-May-18,4229.29,4253.75,4179.66,4182.89,,3.28B,-2.61%
29-May-18,4348.82,4375.48,4293.87,4294.82,,2.58B,-1.39%
28-May-18,4376.64,4390.89,4333.99,4355.29,,2.73B,-0.66%
25-May-18,4445.60,4452.45,4378.95,4384.02,,2.90B,-1.46%
24-May-18,4465.08,4480.08,4446.30,4449.07,,2.57B,-0.41%
23-May-18,4507.37,4514.15,4467.39,4467.40,,3.17B,-1.03%
22-May-18,4490.95,4513.81,4481.67,4513.81,,2.95B,0.45%
21-May-18,4467.75,4500.98,4466.78,4493.58,,3.32B,1.19%
18-May-18,4417.14,4444.97,4392.92,4440.63,,2.57B,0.36%
17-May-18,4447.74,4454.28,4414.53,4424.79,,2.39B,-0.49%
16-May-18,4447.13,4476.57,4438.46,4446.61,,2.79B,-0.31%
15-May-18,4423.12,4460.31,4403.91,4460.31,,2.80B,1.00%
14-May-18,4429.23,4445.36,4405.03,4416.34,,3.19B,-0.42%
11-May-18,4482.88,4487.96,4433.94,4434.76,,3.42B,-1.03%
10-May-18,4465.10,4481.26,4443.36,4481.04,,2.87B,0.45%
9-May-18,4464.82,4470.75,4439.42,4460.97,,2.58B,-0.21%
8-May-18,4462.19,4471.35,4450.10,4470.31,,3.00B,0.20%
7-May-18,4398.12,4463.05,4395.09,4461.57,,2.94B,1.63%
4-May-18,4376.09,4412.91,4370.38,4389.92,,2.73B,0.03%
3-May-18,4345.78,4388.45,4287.64,4388.45,,3.26B,0.81%
2-May-18,4365.23,4394.46,4325.96,4353.32,,3.06B,-0.13%
27-Apr-18,4345.84,4366.06,4305.27,4358.84,,3.02B,0.69%
26-Apr-18,4411.79,4414.31,4327.69,4328.80,,3.52B,-1.91%
25-Apr-18,4387.67,4424.02,4380.90,4412.91,,3.55B,0.02%
24-Apr-18,4307.22,4412.14,4307.22,4412.14,,3.66B,2.22%
23-Apr-18,4379.16,4392.38,4271.36,4316.18,,3.51B,-1.36%
20-Apr-18,4441.50,4462.04,4368.61,4375.64,,3.81B,-1.89%
19-Apr-18,4440.94,4488.79,4434.35,4459.76,,3.74B,0.42%
18-Apr-18,4398.50,4450.87,4325.06,4440.91,,3.84B,1.60%
17-Apr-18,4480.09,4490.51,4370.00,4370.81,,3.68B,-2.22%
16-Apr-18,4450.42,4496.34,4428.29,4470.22,,3.91B,0.12%
13-Apr-18,4500.15,4514.90,4457.85,4465.04,,2.93B,-0.31%
12-Apr-18,4492.91,4513.89,4470.48,4479.06,,3.04B,-0.42%
11-Apr-18,4492.98,4520.06,4486.49,4498.08,,3.47B,0.43%
10-Apr-18,4467.65,4478.69,4426.59,4478.69,,3.40B,0.41%
9-Apr-18,4439.82,4489.30,4414.92,4460.20,,3.13B,0.05%
4-Apr-18,4530.33,4545.03,4455.19,4457.80,,3.32B,-1.27%
3-Apr-18,4504.06,4525.40,4472.92,4515.01,,3.71B,-1.19%
2-Apr-18,4583.66,4611.24,4561.49,4569.39,,4.49B,0.03%
30-Mar-18,4497.30,4568.06,4497.30,4568.06,,3.83B,1.94%
29-Mar-18,4471.65,4490.43,4440.62,4481.04,,3.65B,0.56%
28-Mar-18,4438.13,4503.77,4429.92,4456.16,,4.07B,-0.78%
27-Mar-18,4421.22,4494.69,4421.22,4491.32,,4.68B,2.62%
26-Mar-18,4219.94,4376.80,4195.98,4376.80,,4.14B,2.40%
23-Mar-18,4355.13,4414.46,4235.11,4274.36,,5.78B,-4.95%
22-Mar-18,4524.37,4546.68,4483.53,4497.03,,3.39B,-0.57%
21-Mar-18,4577.22,4602.27,4521.89,4522.77,,4.02B,-1.04%
20-Mar-18,4512.50,4574.62,4502.10,4570.23,,3.33B,0.52%
19-Mar-18,4530.40,4573.44,4513.94,4546.46,,3.31B,0.36%
16-Mar-18,4561.61,4582.38,4530.34,4530.34,,3.12B,-0.62%
15-Mar-18,4555.34,4577.15,4507.17,4558.63,,3.48B,-0.24%
14-Mar-18,4614.93,4630.02,4568.33,4569.76,,3.94B,-1.27%
13-Mar-18,4652.65,4670.99,4627.40,4628.32,,4.49B,-0.70%
12-Mar-18,4621.47,4660.91,4620.88,4660.91,,5.31B,1.41%
9-Mar-18,4523.29,4598.43,4519.68,4596.25,,4.86B,1.70%
8-Mar-18,4477.45,4519.59,4477.45,4519.59,,3.55B,0.81%
7-Mar-18,4513.77,4524.92,4480.31,4483.31,,3.73B,-0.80%
6-Mar-18,4474.34,4519.29,4471.00,4519.29,,4.27B,1.18%
5-Mar-18,4458.08,4470.11,4433.34,4466.45,,3.37B,0.38%
2-Mar-18,4455.31,4490.16,4443.00,4449.38,,3.77B,-0.86%
1-Mar-18,4403.56,4488.05,4396.06,4488.05,,4.05B,1.24%
28-Feb-18,4374.32,4449.19,4355.85,4433.08,,3.94B,0.69%
27-Feb-18,4397.74,4422.35,4386.53,4402.74,,4.03B,0.12%
26-Feb-18,4320.68,4401.93,4311.43,4397.63,,4.04B,2.39%
23-Feb-18,4283.85,4296.40,4257.35,4295.08,,3.03B,0.26%
22-Feb-18,4232.78,4285.75,4224.07,4283.88,,3.15B,2.14%
14-Feb-18,4186.75,4199.95,4162.53,4194.28,,2.14B,0.23%
13-Feb-18,4185.87,4221.95,4176.51,4184.86,,2.83B,0.50%
12-Feb-18,4072.28,4177.27,4072.28,4163.84,,2.93B,2.80%
9-Feb-18,4094.13,4132.36,4010.15,4050.27,,3.88B,-3.56%
8-Feb-18,4143.26,4215.19,4139.53,4199.77,,3.23B,1.09%
7-Feb-18,4215.40,4232.53,4090.06,4154.63,,4.22B,0.36%
6-Feb-18,4264.00,4296.72,4138.31,4139.90,,4.32B,-4.73%
5-Feb-18,4305.71,4359.03,4294.58,4345.26,,3.59B,-0.40%
2-Feb-18,4308.55,4367.01,4246.53,4362.73,,4.11B,0.44%
1-Feb-18,4472.31,4483.80,4343.63,4343.63,,4.38B,-3.05%
31-Jan-18,4537.82,4537.82,4463.59,4480.20,,4.05B,-2.02%
30-Jan-18,4575.00,4595.69,4565.29,4572.44,,3.60B,-0.27%
29-Jan-18,4624.55,4642.30,4570.13,4584.85,,4.02B,-0.97%
26-Jan-18,4620.15,4646.80,4618.65,4629.72,,3.83B,0.09%
25-Jan-18,4631.61,4666.89,4623.35,4625.73,,4.39B,-0.24%
24-Jan-18,4583.14,4641.57,4557.80,4636.64,,4.05B,1.14%
23-Jan-18,4573.89,4591.28,4565.94,4584.20,,3.07B,0.15%
22-Jan-18,4514.26,4580.01,4497.91,4577.32,,3.57B,1.35%
19-Jan-18,4523.80,4551.94,4508.26,4516.41,,3.30B,-0.21%
18-Jan-18,4517.11,4546.51,4515.98,4526.08,,3.05B,-0.06%
17-Jan-18,4524.92,4541.40,4458.14,4528.64,,4.23B,-0.26%
16-Jan-18,4522.35,4553.37,4519.84,4540.59,,4.02B,0.30%
15-Jan-18,4636.47,4637.46,4515.95,4527.20,,4.65B,-2.54%
12-Jan-18,4671.05,4679.46,4640.86,4644.96,,4.13B,-0.60%
11-Jan-18,4631.75,4677.06,4620.87,4673.23,,4.04B,0.72%
10-Jan-18,4655.29,4657.55,4609.03,4639.72,,3.85B,-0.47%
9-Jan-18,4662.36,4665.76,4646.17,4661.84,,3.38B,-0.04%
8-Jan-18,4650.75,4663.72,4625.73,4663.72,,4.10B,0.32%
5-Jan-18,4651.51,4664.18,4641.74,4648.94,,3.58B,0.02%
4-Jan-18,4631.46,4649.56,4627.86,4647.97,,3.54B,0.18%
3-Jan-18,4588.92,4643.72,4586.02,4639.80,,3.89B,1.02%
2-Jan-18,4551.91,4593.09,4545.62,4593.09,,3.40B,1.09%
29-Dec-17,4512.62,4543.59,4512.42,4543.59,,2.44B,0.70%
28-Dec-17,4492.61,4523.03,4489.29,4511.91,,2.69B,0.29%
27-Dec-17,4516.31,4533.19,4493.33,4498.84,,2.49B,-0.44%
26-Dec-17,4498.06,4518.67,4470.58,4518.67,,2.15B,0.36%
25-Dec-17,4548.20,4557.90,4493.91,4502.67,,2.57B,-0.95%
22-Dec-17,4553.03,4573.79,4542.41,4545.70,,2.06B,-0.24%
21-Dec-17,4525.15,4571.06,4493.20,4556.72,,2.25B,0.52%
20-Dec-17,4573.02,4573.28,4524.14,4533.13,,2.21B,-0.94%
19-Dec-17,4526.50,4576.14,4526.50,4576.14,,2.05B,1.12%
18-Dec-17,4550.49,4565.44,4511.88,4525.26,,2.13B,-0.76%
15-Dec-17,4585.04,4592.11,4547.80,4560.00,,2.54B,-0.71%
14-Dec-17,4587.33,4601.97,4570.40,4592.69,,2.30B,0.03%
13-Dec-17,4562.42,4591.54,4551.83,4591.54,,2.22B,0.48%
12-Dec-17,4598.09,4607.10,4568.56,4569.57,,2.45B,-0.60%
11-Dec-17,4543.56,4597.15,4543.56,4597.15,,2.43B,1.48%
8-Dec-17,4480.43,4541.55,4479.07,4530.21,,2.15B,1.01%
7-Dec-17,4493.35,4514.39,4481.63,4484.78,,1.98B,-0.36%
6-Dec-17,4451.32,4501.28,4416.74,4501.05,,2.47B,0.97%
5-Dec-17,4556.91,4569.21,4435.36,4457.91,,2.67B,-2.35%
4-Dec-17,4592.06,4605.81,4560.76,4565.22,,2.37B,-0.72%
1-Dec-17,4551.71,4607.55,4551.71,4598.25,,2.38B,0.98%
30-Nov-17,4587.17,4600.32,4547.44,4553.57,,2.32B,-0.98%
29-Nov-17,4588.68,4604.04,4545.05,4598.84,,2.99B,0.19%
28-Nov-17,4516.05,4590.07,4516.05,4590.07,,2.23B,1.59%
27-Nov-17,4569.66,4581.07,4513.62,4518.26,,2.40B,-1.26%
24-Nov-17,4578.71,4607.42,4561.76,4575.81,,2.48B,-0.36%
23-Nov-17,4703.29,4703.29,4590.56,4592.40,,3.13B,-2.58%
22-Nov-17,4726.19,4747.84,4679.53,4713.80,,3.13B,-0.27%
21-Nov-17,4707.09,4749.31,4691.39,4726.64,,2.95B,0.26%
20-Nov-17,4640.92,4714.16,4571.28,4714.16,,2.95B,1.17%
17-Nov-17,4779.21,4784.55,4659.07,4659.48,,3.69B,-2.62%
16-Nov-17,4756.40,4792.13,4748.63,4784.86,,2.90B,0.49%
15-Nov-17,4799.99,4805.26,4739.62,4761.31,,2.90B,-1.10%
14-Nov-17,4840.10,4850.07,4796.51,4814.14,,3.53B,-0.64%
13-Nov-17,4823.65,4844.96,4806.05,4844.96,,3.50B,0.54%
10-Nov-17,4795.88,4823.14,4792.32,4819.10,,3.16B,0.39%
9-Nov-17,4763.72,4800.54,4758.75,4800.54,,2.61B,0.67%
8-Nov-17,4760.55,4801.73,4753.78,4768.74,,3.06B,0.07%
7-Nov-17,4731.08,4765.52,4728.94,4765.52,,2.86B,0.79%
6-Nov-17,4679.45,4728.38,4662.31,4728.38,,2.58B,1.06%
3-Nov-17,4721.52,4730.44,4657.60,4678.69,,2.79B,-0.87%
2-Nov-17,4758.35,4758.35,4712.87,4719.91,,2.54B,-0.90%
1-Nov-17,4763.53,4788.27,4758.44,4762.60,,2.58B,-0.04%
31-Oct-17,4731.29,4764.35,4722.66,4764.35,,2.29B,0.54%
30-Oct-17,4834.81,4840.35,4711.36,4738.59,,3.34B,-2.07%
27-Oct-17,4868.08,4872.56,4834.59,4838.62,,2.59B,-0.64%
26-Oct-17,4860.21,4883.54,4855.26,4869.86,,2.76B,0.02%
25-Oct-17,4825.77,4868.65,4823.95,4868.65,,2.37B,0.80%
24-Oct-17,4833.55,4836.81,4798.43,4829.83,,2.49B,-0.12%
23-Oct-17,4799.68,4835.64,4794.51,4835.64,,2.35B,0.73%
20-Oct-17,4761.76,4800.80,4754.94,4800.80,,2.24B,0.59%
19-Oct-17,4806.16,4810.84,4762.26,4772.51,,2.78B,-0.70%
18-Oct-17,4830.51,4846.39,4800.55,4806.34,,2.62B,-0.46%
17-Oct-17,4828.22,4853.95,4817.77,4828.41,,2.33B,-0.14%
16-Oct-17,4898.59,4901.64,4831.83,4835.12,,3.59B,-1.30%
13-Oct-17,4862.20,4900.89,4857.79,4898.65,,2.98B,0.73%
12-Oct-17,4864.20,4879.63,4833.83,4863.25,,3.13B,-0.05%
11-Oct-17,4902.70,4905.90,4864.08,4865.87,,4.00B,-0.75%
10-Oct-17,4858.53,4902.78,4852.93,4902.78,,3.80B,0.88%
9-Oct-17,4859.75,4874.95,4842.02,4859.86,,3.42B,1.16%
29-Sep-17,4786.90,4811.53,4786.90,4803.95,,2.76B,0.47%
28-Sep-17,4785.15,4803.95,4780.57,4781.63,,2.88B,-0.16%
27-Sep-17,4755.10,4797.49,4753.73,4789.40,,2.66B,0.74%
26-Sep-17,4742.44,4758.34,4727.03,4754.37,,2.63B,0.12%
25-Sep-17,4799.71,4801.31,4744.12,4748.71,,3.12B,-1.27%
22-Sep-17,4818.65,4822.39,4791.57,4809.70,,3.24B,-0.49%
21-Sep-17,4883.30,4885.11,4833.18,4833.18,,3.89B,-1.07%
20-Sep-17,4840.38,4885.69,4835.85,4885.69,,3.84B,0.85%
19-Sep-17,4868.83,4879.34,4831.04,4844.30,,3.70B,-0.43%
18-Sep-17,4828.30,4865.04,4825.58,4865.04,,3.21B,0.76%
15-Sep-17,4845.95,4848.49,4812.74,4828.56,,3.96B,-0.47%
14-Sep-17,4855.51,4870.97,4833.84,4851.22,,4.10B,-0.07%
13-Sep-17,4836.51,4854.73,4819.97,4854.73,,3.93B,0.34%
12-Sep-17,4839.22,4877.54,4828.85,4838.05,,5.48B,0.04%
11-Sep-17,4796.86,4836.13,4787.69,4836.13,,3.89B,0.94%
8-Sep-17,4780.41,4808.03,4762.40,4791.08,,3.54B,0.10%
7-Sep-17,4817.06,4837.30,4784.61,4786.23,,4.24B,-0.67%
6-Sep-17,4781.02,4818.68,4774.52,4818.31,,4.15B,0.51%
5-Sep-17,4785.96,4797.94,4762.92,4794.06,,3.99B,0.18%
4-Sep-17,4756.38,4792.50,4747.36,4785.27,,4.64B,0.70%
1-Sep-17,4720.64,4752.23,4709.79,4752.23,,4.17B,0.69%
31-Aug-17,4714.38,4720.15,4694.75,4719.46,,3.12B,0.19%
30-Aug-17,4680.42,4714.01,4680.35,4710.57,,3.27B,0.61%
29-Aug-17,4692.77,4708.02,4672.93,4681.97,,3.28B,-0.26%
28-Aug-17,4646.41,4713.33,4646.41,4694.38,,3.72B,1.10%
25-Aug-17,4597.03,4650.49,4597.03,4643.39,,2.73B,0.97%
24-Aug-17,4630.61,4638.08,4590.87,4598.83,,2.53B,-0.73%
23-Aug-17,4651.79,4659.52,4622.19,4632.46,,2.80B,-0.56%
22-Aug-17,4684.94,4685.07,4650.91,4658.76,,3.38B,-0.60%
21-Aug-17,4660.88,4686.91,4660.88,4686.91,,3.22B,0.69%
18-Aug-17,4650.18,4673.14,4639.43,4655.01,,3.39B,-0.47%
17-Aug-17,4645.76,4681.67,4639.53,4676.84,,4.09B,0.66%
16-Aug-17,4622.65,4658.25,4609.47,4646.25,,3.82B,0.37%
15-Aug-17,4609.08,4629.07,4601.94,4629.07,,3.50B,0.47%
14-Aug-17,4511.19,4608.11,4511.19,4607.58,,3.74B,2.19%
11-Aug-17,4557.11,4578.72,4502.96,4508.68,,4.22B,-1.73%
10-Aug-17,4612.20,4628.22,4555.60,4588.25,,4.09B,-0.71%
9-Aug-17,4595.96,4621.28,4587.62,4621.28,,4.19B,0.42%
8-Aug-17,4580.59,4611.16,4572.27,4601.94,,4.54B,0.51%
7-Aug-17,4539.53,4578.53,4538.06,4578.53,,3.81B,0.98%
4-Aug-17,4560.79,4572.47,4533.89,4534.07,,4.18B,-0.66%
3-Aug-17,4555.95,4598.51,4548.46,4564.11,,3.99B,0.08%
2-Aug-17,4594.90,4603.92,4558.56,4560.62,,4.47B,-0.72%
1-Aug-17,4586.65,4594.08,4567.08,4593.80,,4.13B,0.08%
31-Jul-17,4552.15,4593.28,4542.16,4589.99,,4.31B,0.84%
28-Jul-17,4536.41,4563.27,4531.37,4551.54,,3.44B,0.20%
27-Jul-17,4478.38,4547.23,4458.51,4542.24,,4.11B,1.31%
26-Jul-17,4502.25,4506.70,4459.97,4483.44,,3.13B,-0.34%
25-Jul-17,4504.25,4516.20,4477.08,4498.56,,2.87B,-0.15%
24-Jul-17,4488.57,4509.66,4482.48,4505.32,,3.32B,0.28%
21-Jul-17,4470.35,4503.31,4466.17,4492.95,,3.18B,0.38%
20-Jul-17,4450.54,4493.87,4445.69,4475.77,,3.62B,0.49%
19-Jul-17,4376.43,4454.45,4366.16,4454.04,,3.68B,1.64%
18-Jul-17,4331.18,4382.36,4320.26,4382.36,,3.08B,0.61%
17-Jul-17,4515.12,4515.33,4340.25,4355.62,,4.19B,-4.21%
14-Jul-17,4572.91,4572.91,4534.88,4546.97,,2.85B,-0.73%
13-Jul-17,4574.94,4591.97,4562.18,4580.41,,2.92B,0.11%
12-Jul-17,4572.17,4588.60,4519.06,4575.33,,3.08B,-0.07%
11-Jul-17,4620.33,4629.32,4577.09,4578.42,,3.05B,-1.13%
10-Jul-17,4651.09,4663.10,4622.92,4630.98,,3.73B,-0.56%
7-Jul-17,4641.31,4660.52,4633.23,4657.10,,3.39B,-0.02%
6-Jul-17,4645.44,4664.92,4620.62,4658.05,,3.67B,0.19%
5-Jul-17,4609.75,4649.04,4606.46,4649.04,,2.89B,0.63%
4-Jul-17,4640.38,4640.67,4611.59,4619.73,,2.77B,-0.53%
3-Jul-17,4616.43,4644.43,4606.70,4644.43,,2.86B,0.64%
30-Jun-17,4582.92,4615.29,4577.14,4614.92,,2.35B,0.44%
29-Jun-17,4571.29,4602.85,4571.29,4594.67,,2.50B,0.53%
28-Jun-17,4585.86,4589.13,4563.13,4570.46,,2.43B,-0.51%
27-Jun-17,4593.65,4608.65,4577.81,4593.68,,2.47B,0.00%
26-Jun-17,4534.24,4593.57,4532.45,4593.57,,2.93B,1.36%
23-Jun-17,4505.57,4531.82,4469.50,4531.82,,2.81B,0.36%
22-Jun-17,4568.52,4587.88,4515.76,4515.76,,2.97B,-1.19%
21-Jun-17,4570.45,4575.46,4540.05,4569.93,,2.41B,0.18%
20-Jun-17,4557.14,4578.11,4556.37,4561.77,,2.60B,0.18%
19-Jun-17,4527.41,4553.70,4527.32,4553.70,,2.19B,0.54%
16-Jun-17,4533.13,4541.73,4523.88,4529.15,,2.15B,-0.21%
15-Jun-17,4493.79,4546.71,4493.47,4538.67,,2.68B,0.89%
14-Jun-17,4505.36,4515.78,4492.88,4498.41,,2.43B,-0.26%
13-Jun-17,4448.14,4516.26,4447.16,4510.16,,2.48B,1.23%
12-Jun-17,4488.21,4493.68,4450.81,4455.43,,2.47B,-1.13%
9-Jun-17,4489.75,4509.02,4466.63,4506.14,,2.51B,0.26%
8-Jun-17,4489.39,4508.62,4483.54,4494.58,,2.83B,0.04%
7-Jun-17,4404.07,4494.35,4403.52,4492.88,,3.15B,1.99%
6-Jun-17,4386.44,4408.10,4378.54,4405.13,,1.98B,0.38%
5-Jun-17,4356.75,4397.77,4356.32,4388.31,,2.29B,0.89%
2-Jun-17,4295.83,4356.40,4264.07,4349.66,,2.39B,1.01%
1-Jun-17,4369.85,4378.13,4306.22,4306.22,,2.51B,-1.74%
31-May-17,4431.36,4448.84,4381.76,4382.38,,2.46B,-0.27%
26-May-17,4392.97,4415.79,4386.31,4394.05,,2.63B,-0.21%
25-May-17,4370.44,4416.16,4330.11,4403.13,,3.04B,0.47%
24-May-17,4342.97,4382.49,4288.17,4382.49,,2.42B,0.49%
23-May-17,4439.72,4449.96,4359.32,4361.03,,2.87B,-1.99%
22-May-17,4497.19,4516.86,4436.58,4449.77,,2.65B,-1.15%
19-May-17,4500.13,4514.09,4478.02,4501.36,,2.57B,0.05%
18-May-17,4492.43,4535.47,4480.58,4499.09,,2.74B,-0.56%
17-May-17,4508.71,4547.41,4504.62,4524.54,,3.32B,0.19%
16-May-17,4411.93,4515.88,4383.40,4515.88,,3.21B,2.13%
15-May-17,4418.94,4439.39,4418.94,4421.70,,2.17B,0.39%
12-May-17,4396.93,4413.83,4369.45,4404.35,,2.49B,-0.05%
11-May-17,4387.81,4407.65,4310.90,4406.65,,3.02B,-0.12%
10-May-17,4475.51,4505.02,4411.82,4411.84,,2.67B,-1.52%
9-May-17,4435.62,4479.90,4413.89,4479.90,,2.19B,0.56%
8-May-17,4519.75,4530.64,4454.63,4455.03,,2.70B,-1.63%
5-May-17,4576.38,4578.53,4528.91,4528.91,,3.02B,-1.22%
4-May-17,4581.80,4626.19,4560.06,4585.00,,3.02B,-0.20%
3-May-17,4609.84,4619.61,4576.60,4594.14,,2.87B,-0.57%
2-May-17,4614.12,4624.17,4600.14,4620.70,,2.84B,0.04%
28-Apr-17,4592.66,4625.94,4587.17,4618.93,,2.76B,0.25%
27-Apr-17,4580.62,4617.84,4505.61,4607.30,,3.45B,0.18%
26-Apr-17,4582.43,4606.53,4580.51,4598.94,,2.85B,0.32%
25-Apr-17,4570.75,4614.05,4565.18,4584.14,,2.56B,0.39%
24-Apr-17,4660.53,4661.09,4556.46,4566.22,,2.59B,-2.20%
21-Apr-17,4696.70,4715.51,4666.38,4668.72,,2.38B,-0.59%
20-Apr-17,4706.53,4727.13,4668.26,4696.22,,3.12B,-0.27%
19-Apr-17,4727.61,4734.20,4657.23,4708.91,,3.48B,-0.84%
18-Apr-17,4773.62,4808.87,4747.05,4748.81,,3.42B,-0.57%
17-Apr-17,4799.80,4804.42,4758.13,4775.98,,3.39B,-1.02%
14-Apr-17,4895.78,4895.83,4821.94,4824.98,,4.72B,-1.15%
13-Apr-17,4846.59,4892.09,4842.40,4881.27,,4.17B,0.70%
12-Apr-17,4885.93,4893.12,4845.79,4847.47,,5.25B,-0.84%
11-Apr-17,4854.79,4893.67,4818.75,4888.36,,5.26B,0.68%
10-Apr-17,4870.20,4883.48,4851.33,4855.42,,4.72B,-0.40%
7-Apr-17,4863.03,4892.42,4854.24,4874.96,,4.59B,0.21%
6-Apr-17,4861.74,4871.11,4844.39,4864.85,,3.47B,0.45%
5-Apr-17,4786.20,4843.13,4786.20,4843.13,,2.88B,1.99%
31-Mar-17,4718.43,4748.81,4718.43,4748.81,,2.22B,0.63%
30-Mar-17,4790.18,4794.99,4713.76,4718.90,,2.83B,-1.70%
29-Mar-17,4825.81,4831.68,4789.07,4800.68,,2.59B,-0.46%
28-Mar-17,4826.10,4838.53,4812.19,4822.65,,2.08B,-0.14%
27-Mar-17,4850.25,4858.40,4826.83,4829.63,,2.32B,-0.47%
24-Mar-17,4825.82,4856.86,4818.66,4852.31,,2.60B,0.49%
23-Mar-17,4825.04,4847.64,4783.82,4828.48,,2.61B,0.21%
22-Mar-17,4816.47,4836.92,4793.23,4818.43,,2.82B,-0.36%
21-Mar-17,4825.68,4835.64,4815.71,4835.64,,2.04B,0.18%
20-Mar-17,4813.05,4828.33,4794.60,4826.75,,2.43B,0.24%
17-Mar-17,4857.76,4872.07,4814.14,4815.21,,2.81B,-0.86%
16-Mar-17,4829.37,4857.20,4829.37,4857.20,,2.57B,0.79%
15-Mar-17,4816.30,4826.68,4806.05,4819.34,,2.14B,-0.05%
14-Mar-17,4838.90,4843.71,4812.52,4821.54,,2.40B,-0.30%
13-Mar-17,4787.29,4836.11,4761.20,4836.11,,2.55B,1.00%
10-Mar-17,4782.45,4800.46,4781.85,4788.19,,2.05B,0.07%
9-Mar-17,4809.24,4809.43,4775.53,4784.79,,2.32B,-0.68%
8-Mar-17,4839.50,4839.60,4806.40,4817.69,,2.20B,-0.47%
7-Mar-17,4831.85,4840.59,4814.40,4840.59,,2.53B,0.24%
6-Mar-17,4781.00,4828.95,4781.00,4828.95,,2.71B,1.11%
3-Mar-17,4741.67,4779.64,4727.99,4775.82,,2.29B,0.46%
2-Mar-17,4781.23,4787.45,4752.58,4754.18,,2.31B,-0.40%
1-Mar-17,4761.27,4787.24,4756.62,4773.39,,2.31B,0.21%
28-Feb-17,4753.58,4769.75,4741.28,4763.51,,2.21B,0.19%
27-Feb-17,4791.13,4796.64,4750.61,4754.37,,2.70B,-0.70%
24-Feb-17,4774.98,4788.89,4765.30,4787.95,,2.81B,0.21%
23-Feb-17,4772.85,4777.91,4749.07,4777.91,,2.87B,0.05%
22-Feb-17,4746.92,4775.70,4744.51,4775.70,,3.04B,0.57%
21-Feb-17,4714.97,4750.46,4710.13,4748.78,,2.85B,0.85%
20-Feb-17,4658.60,4708.60,4658.53,4708.60,,2.46B,1.07%
17-Feb-17,4688.74,4698.17,4648.56,4658.60,,2.54B,-0.67%
16-Feb-17,4659.51,4693.10,4654.90,4690.17,,2.50B,0.65%
15-Feb-17,4697.03,4711.33,4651.19,4659.68,,3.00B,-0.90%
14-Feb-17,4697.15,4703.49,4682.48,4701.87,,2.29B,0.07%
13-Feb-17,4673.24,4699.89,4668.96,4698.65,,2.85B,0.58%
10-Feb-17,4675.28,4682.74,4658.09,4671.42,,2.72B,-0.11%
9-Feb-17,4649.87,4679.12,4646.08,4676.73,,2.33B,0.53%
8-Feb-17,4616.93,4652.22,4600.40,4652.22,,1.98B,0.61%
7-Feb-17,4630.07,4638.57,4605.59,4624.01,,1.82B,-0.20%
6-Feb-17,4594.48,4633.24,4586.31,4633.24,,1.75B,0.80%
3-Feb-17,4615.87,4618.05,4584.40,4596.46,,1.27B,-0.33%
26-Jan-17,4580.73,4612.28,4580.66,4611.90,,1.41B,0.76%
25-Jan-17,4559.90,4583.45,4553.83,4576.99,,1.49B,0.32%
24-Jan-17,4577.57,4580.35,4557.67,4562.24,,1.85B,-0.34%
23-Jan-17,4550.71,4592.04,4550.70,4577.93,,1.80B,0.74%
20-Jan-17,4478.24,4552.27,4476.54,4544.36,,1.67B,1.44%
19-Jan-17,4485.23,4503.62,4467.71,4479.85,,1.49B,-0.31%
18-Jan-17,4503.26,4518.12,4488.34,4493.84,,1.67B,-0.51%
17-Jan-17,4454.62,4517.96,4418.47,4516.87,,2.03B,1.11%
16-Jan-17,4598.60,4598.60,4353.50,4467.25,,2.77B,-2.97%
13-Jan-17,4674.01,4680.75,4599.33,4604.07,,2.13B,-1.48%
12-Jan-17,4716.07,4727.85,4672.82,4673.43,,2.25B,-0.97%
11-Jan-17,4751.55,4769.70,4716.59,4719.18,,2.27B,-0.78%
10-Jan-17,4776.61,4783.55,4754.17,4756.39,,2.35B,-0.44%
9-Jan-17,4755.07,4779.72,4742.54,4777.47,,2.13B,0.36%
6-Jan-17,4788.52,4789.57,4759.03,4760.26,,2.21B,-0.70%
5-Jan-17,4790.09,4800.87,4785.03,4793.66,,2.34B,-0.01%
4-Jan-17,4743.06,4794.34,4737.98,4794.34,,2.36B,1.15%
3-Jan-17,4721.39,4746.73,4721.39,4739.85,,1.86B,0.59%
30-Dec-16,4708.80,4720.80,4694.91,4711.89,,1.70B,0.13%
29-Dec-16,4714.05,4735.49,4703.41,4705.62,,1.58B,-0.34%
28-Dec-16,4743.96,4751.20,4712.90,4721.64,,1.75B,-0.49%
27-Dec-16,4755.71,4766.20,4742.02,4744.86,,1.77B,-0.25%
26-Dec-16,4733.40,4756.58,4680.80,4756.58,,2.09B,0.17%
23-Dec-16,4796.83,4799.23,4748.06,4748.61,,2.14B,-0.97%
22-Dec-16,4796.48,4800.58,4775.54,4795.13,,2.00B,-0.04%
21-Dec-16,4775.89,4800.49,4775.89,4796.91,,2.12B,0.61%
20-Dec-16,4774.79,4775.40,4749.36,4767.64,,2.13B,-0.19%
19-Dec-16,4788.86,4791.08,4768.64,4776.83,,2.19B,-0.21%
16-Dec-16,4748.59,4795.60,4744.52,4786.94,,2.42B,0.80%
15-Dec-16,4702.80,4775.37,4699.45,4748.72,,2.46B,0.67%
14-Dec-16,4745.30,4757.37,4700.90,4716.99,,2.76B,-0.70%
13-Dec-16,4725.23,4765.41,4689.52,4750.04,,2.64B,0.36%
12-Dec-16,4943.90,4947.27,4728.26,4733.07,,3.61B,-4.26%
9-Dec-16,4959.47,4969.61,4935.64,4943.87,,2.32B,-0.43%
8-Dec-16,4998.86,4999.37,4963.03,4965.27,,2.21B,-0.64%
7-Dec-16,4953.59,4997.04,4943.77,4997.04,,2.23B,0.95%
6-Dec-16,4964.75,4977.35,4947.70,4950.08,,1.95B,-0.13%
5-Dec-16,4939.04,4989.65,4929.92,4956.48,,2.43B,-0.47%
2-Dec-16,5048.65,5055.57,4976.86,4979.80,,3.15B,-1.44%
1-Dec-16,5038.15,5052.71,5037.28,5052.71,,3.02B,0.42%
30-Nov-16,5031.99,5057.07,5017.80,5031.59,,3.06B,-0.16%
29-Nov-16,5068.91,5086.14,5039.12,5039.63,,3.53B,-0.77%
28-Nov-16,5086.72,5098.06,5072.55,5078.55,,3.22B,0.08%
25-Nov-16,5050.69,5074.36,4982.75,5074.36,,3.31B,0.44%
24-Nov-16,5072.23,5085.59,5042.63,5052.06,,3.42B,-0.39%
23-Nov-16,5107.66,5110.90,5064.16,5071.64,,3.62B,-0.60%
22-Nov-16,5071.88,5102.44,5069.13,5102.44,,3.30B,0.67%
21-Nov-16,5065.68,5089.39,5055.35,5068.67,,2.91B,0.03%
18-Nov-16,5087.70,5097.82,5060.83,5067.11,,2.69B,-0.43%
17-Nov-16,5089.42,5098.03,5060.26,5088.96,,2.96B,-0.20%
16-Nov-16,5101.56,5116.75,5097.40,5099.12,,3.48B,0.08%
15-Nov-16,5073.06,5095.18,5062.08,5095.18,,3.71B,0.50%
14-Nov-16,5043.16,5092.24,5040.11,5069.61,,4.14B,0.28%
11-Nov-16,5029.95,5055.42,5016.33,5055.42,,3.88B,0.55%
10-Nov-16,5009.21,5030.21,5008.68,5027.91,,3.23B,1.22%
9-Nov-16,5014.48,5018.22,4913.78,4967.50,,3.29B,-0.87%
8-Nov-16,4999.96,5022.44,4992.25,5010.85,,2.70B,0.53%
7-Nov-16,4985.57,5002.03,4966.52,4984.54,,2.77B,0.03%
4-Nov-16,4995.41,5015.32,4974.80,4983.20,,2.49B,-0.27%
3-Nov-16,4966.67,5023.86,4961.66,4996.67,,2.84B,0.32%
2-Nov-16,5017.64,5026.38,4976.95,4980.90,,2.74B,-0.98%
1-Nov-16,4992.40,5030.22,4987.28,5030.22,,2.45B,0.84%
31-Oct-16,4977.98,4996.59,4953.27,4988.39,,2.45B,-0.02%
28-Oct-16,5036.54,5053.06,4989.36,4989.36,,2.70B,-1.04%
27-Oct-16,5048.25,5055.07,5021.08,5041.68,,2.72B,-0.20%
26-Oct-16,5084.41,5085.00,5040.86,5051.92,,3.35B,-0.60%
25-Oct-16,5068.13,5082.63,5065.74,5082.63,,3.16B,0.40%
24-Oct-16,5017.03,5066.54,5009.76,5062.59,,3.20B,0.92%
21-Oct-16,5034.73,5044.40,4981.28,5016.47,,2.94B,-0.32%
20-Oct-16,5025.65,5039.41,5011.88,5032.76,,2.70B,0.16%
19-Oct-16,5051.91,5058.40,5013.78,5024.89,,2.81B,-0.39%
18-Oct-16,4970.66,5044.39,4970.26,5044.39,,2.92B,1.42%
17-Oct-16,5032.50,5039.92,4961.28,4973.56,,2.74B,-0.99%
14-Oct-16,5032.48,5033.29,4988.85,5023.30,,2.48B,-0.34%
13-Oct-16,5039.96,5053.24,5024.65,5040.29,,2.74B,-0.05%
12-Oct-16,5024.20,5044.94,5017.09,5042.56,,2.96B,0.05%
11-Oct-16,5022.02,5040.02,5016.00,5040.02,,3.24B,0.39%
10-Oct-16,4942.11,5020.49,4938.51,5020.49,,3.02B,2.30%
30-Sep-16,4883.34,4913.94,4881.56,4907.43,,1.82B,0.44%
29-Sep-16,4874.01,4903.17,4873.90,4885.98,,1.96B,0.39%
28-Sep-16,4882.76,4882.76,4854.68,4867.19,,1.76B,-0.11%
27-Sep-16,4830.60,4872.34,4808.23,4872.34,,2.24B,0.69%
26-Sep-16,4931.62,4932.30,4838.94,4838.94,,3.24B,-2.07%
23-Sep-16,4959.88,4964.89,4939.86,4941.08,,2.83B,-0.15%
22-Sep-16,4951.67,4970.66,4941.23,4948.52,,2.57B,0.57%
21-Sep-16,4912.53,4937.41,4909.81,4920.57,,2.12B,0.15%
20-Sep-16,4917.21,4919.48,4899.95,4912.98,,1.96B,-0.06%
19-Sep-16,4873.23,4915.73,4873.23,4915.73,,2.02B,1.08%
14-Sep-16,4873.07,4898.18,4849.41,4863.23,,2.18B,-0.72%
13-Sep-16,4905.00,4917.81,4870.64,4898.27,,2.73B,0.49%
12-Sep-16,4932.09,4952.29,4873.87,4874.16,,3.51B,-2.90%
9-Sep-16,5060.02,5072.35,5019.41,5019.71,,2.93B,-0.77%
8-Sep-16,5038.56,5059.22,5029.97,5058.91,,2.85B,0.40%
7-Sep-16,5036.73,5068.52,5031.52,5038.91,,3.67B,-0.03%
6-Sep-16,4967.71,5040.58,4929.83,5040.38,,3.34B,1.54%
5-Sep-16,4957.48,4993.60,4956.19,4964.09,,2.45B,0.43%
2-Sep-16,4958.97,4982.78,4915.94,4942.98,,2.64B,-0.46%
1-Sep-16,5003.27,5010.14,4965.59,4965.59,,2.54B,-0.69%
31-Aug-16,5001.03,5006.35,4965.89,4999.97,,2.50B,-0.05%
30-Aug-16,5002.63,5027.82,4994.76,5002.33,,2.41B,0.03%
29-Aug-16,4988.08,5020.03,4984.19,5000.96,,2.76B,0.28%
26-Aug-16,4977.70,5030.42,4976.72,4987.00,,2.94B,0.44%
25-Aug-16,4976.54,4976.54,4912.02,4965.25,,3.12B,-0.80%
24-Aug-16,4989.90,5029.15,4984.45,5005.16,,2.88B,0.41%
23-Aug-16,4979.40,5003.35,4950.66,4984.86,,2.89B,0.06%
22-Aug-16,5051.95,5063.03,4981.95,4981.95,,3.46B,-1.36%
19-Aug-16,5051.60,5067.32,5023.48,5050.73,,3.90B,-0.10%
18-Aug-16,5055.52,5077.08,5037.16,5055.65,,5.02B,-0.10%
17-Aug-16,5045.41,5078.14,5025.99,5060.76,,4.26B,0.32%
16-Aug-16,5020.03,5061.41,5016.11,5044.55,,4.81B,0.59%
15-Aug-16,4904.72,5023.33,4882.79,5014.97,,5.22B,2.38%
12-Aug-16,4841.83,4900.84,4834.47,4898.19,,3.16B,0.99%
11-Aug-16,4914.99,4925.48,4850.21,4850.21,,3.09B,-1.45%
10-Aug-16,4937.53,4960.20,4921.37,4921.54,,3.26B,-0.37%
9-Aug-16,4899.86,4940.01,4899.15,4940.01,,3.33B,0.78%
8-Aug-16,4830.60,4901.80,4795.59,4901.80,,3.28B,1.23%
5-Aug-16,4868.37,4878.94,4840.61,4842.11,,2.83B,-0.56%
4-Aug-16,4829.94,4876.82,4818.39,4869.46,,2.98B,0.82%
3-Aug-16,4807.15,4839.23,4793.35,4829.80,,2.53B,0.22%
2-Aug-16,4776.58,4819.33,4773.23,4819.33,,2.19B,0.80%
1-Aug-16,4823.70,4823.80,4728.64,4780.95,,3.02B,-1.32%
29-Jul-16,4873.50,4886.63,4823.56,4844.84,,2.95B,-0.59%
28-Jul-16,4881.99,4916.86,4802.46,4873.37,,4.12B,-0.26%
27-Jul-16,5131.74,5138.43,4833.89,4885.94,,6.16B,-4.70%
26-Jul-16,5068.96,5126.86,5068.60,5126.86,,3.53B,1.16%
25-Jul-16,5053.15,5095.53,5038.96,5068.06,,3.66B,0.13%
22-Jul-16,5096.84,5107.32,5060.34,5061.42,,4.19B,-0.69%
21-Jul-16,5084.21,5135.80,5072.74,5096.52,,4.11B,0.20%
20-Jul-16,5092.11,5116.76,5078.89,5086.52,,3.71B,-0.20%
19-Jul-16,5071.60,5096.53,5034.69,5096.53,,3.95B,0.36%
18-Jul-16,5084.95,5114.34,5049.06,5078.09,,4.25B,-0.42%
15-Jul-16,5132.41,5139.65,5080.54,5099.64,,4.38B,-0.62%
14-Jul-16,5112.49,5136.66,5095.55,5131.57,,4.58B,0.19%
13-Jul-16,5087.06,5139.82,5073.68,5121.78,,5.38B,1.14%
12-Jul-16,4991.31,5063.81,4936.55,5063.81,,5.00B,1.45%
11-Jul-16,5019.94,5056.11,4987.07,4991.21,,4.65B,-0.47%
8-Jul-16,5019.35,5049.55,4991.10,5014.98,,4.39B,-0.16%
7-Jul-16,5006.05,5041.74,4969.58,5022.86,,5.10B,0.30%
6-Jul-16,4980.44,5011.57,4964.43,5007.61,,4.15B,0.26%
5-Jul-16,4991.95,5004.49,4962.34,4994.38,,4.54B,0.22%
4-Jul-16,4865.82,4991.87,4862.16,4983.32,,4.50B,1.82%
1-Jul-16,4923.32,4947.35,4882.82,4894.29,,3.55B,-0.35%
30-Jun-16,4909.88,4923.02,4885.61,4911.37,,3.80B,0.11%
29-Jun-16,4929.91,4941.92,4889.39,4906.01,,4.51B,-0.01%
28-Jun-16,4830.73,4909.59,4825.34,4906.48,,4.92B,1.19%
27-Jun-16,4702.37,4848.84,4702.36,4848.84,,4.12B,2.41%
24-Jun-16,4775.76,4814.76,4606.53,4734.71,,4.78B,-1.07%
23-Jun-16,4795.01,4816.00,4755.16,4785.69,,3.72B,-0.34%
22-Jun-16,4700.56,4801.99,4697.96,4801.99,,3.36B,1.80%
21-Jun-16,4805.23,4828.61,4693.73,4716.98,,4.15B,-1.20%
20-Jun-16,4763.69,4784.33,4713.62,4774.50,,3.25B,0.16%
17-Jun-16,4738.67,4799.32,4730.30,4766.71,,4.00B,0.74%
16-Jun-16,4745.38,4770.85,4716.41,4731.74,,4.10B,-0.41%
15-Jun-16,4558.46,4768.78,4551.44,4751.01,,4.22B,3.17%
14-Jun-16,4582.41,4629.83,4562.21,4605.09,,2.82B,0.15%
13-Jun-16,4762.52,4797.32,4598.40,4598.40,,4.17B,-4.66%
8-Jun-16,4827.61,4850.39,4783.09,4823.18,,3.49B,-0.20%
7-Jun-16,4841.73,4843.59,4806.41,4832.71,,3.29B,-0.21%
6-Jun-16,4844.13,4853.61,4806.31,4842.82,,3.61B,0.31%
3-Jun-16,4807.25,4857.68,4786.11,4827.85,,4.29B,0.45%
2-Jun-16,4760.52,4806.23,4754.27,4806.23,,4.08B,0.73%
1-Jun-16,4749.11,4805.52,4745.29,4771.22,,4.76B,0.56%
31-May-16,4560.08,4744.72,4560.08,4744.72,,4.59B,4.20%
30-May-16,4548.69,4601.97,4507.03,4553.69,,2.39B,-0.66%
27-May-16,4579.36,4619.64,4563.65,4583.79,,2.92B,-0.27%
26-May-16,4553.55,4596.19,4474.32,4596.19,,2.94B,0.69%
25-May-16,4619.63,4642.01,4544.50,4564.83,,2.72B,-0.45%
24-May-16,4621.22,4621.22,4553.51,4585.51,,2.74B,-0.99%
23-May-16,4590.98,4636.42,4590.67,4631.19,,2.94B,1.27%
20-May-16,4487.77,4573.32,4471.90,4573.32,,2.51B,0.99%
19-May-16,4495.64,4584.04,4495.64,4528.49,,2.68B,0.77%
18-May-16,4593.55,4593.66,4444.46,4493.95,,2.85B,-2.98%
17-May-16,4635.97,4681.96,4597.58,4632.14,,2.97B,-0.06%
16-May-16,4540.13,4634.82,4525.68,4634.82,,2.52B,1.68%
13-May-16,4557.55,4612.39,4532.30,4558.31,,2.39B,-0.25%
12-May-16,4507.90,4570.85,4442.80,4569.75,,2.66B,0.04%
11-May-16,4606.36,4630.85,4544.26,4567.95,,2.63B,-0.21%
10-May-16,4569.16,4602.05,4548.08,4577.64,,2.33B,0.00%
9-May-16,4705.13,4705.13,4554.79,4577.72,,3.51B,-3.58%
6-May-16,4947.29,4965.05,4747.84,4747.84,,4.30B,-4.04%
5-May-16,4909.96,4951.86,4892.54,4947.59,,2.85B,0.61%
4-May-16,4897.31,4956.56,4890.99,4917.41,,3.53B,-0.04%
3-May-16,4771.57,4919.56,4750.39,4919.56,,3.45B,3.11%
29-Apr-16,4761.12,4799.04,4752.81,4771.31,,2.26B,-0.28%
28-Apr-16,4792.58,4803.62,4693.59,4784.86,,2.84B,-0.11%
27-Apr-16,4818.00,4845.15,4781.28,4790.27,,2.84B,-0.46%
26-Apr-16,4747.52,4812.44,4742.99,4812.44,,2.71B,1.25%
25-Apr-16,4761.88,4766.07,4679.74,4753.07,,2.73B,-0.42%
22-Apr-16,4700.61,4772.91,4690.52,4772.91,,3.11B,0.84%
21-Apr-16,4777.09,4832.86,4727.30,4733.16,,4.02B,-1.29%
20-Apr-16,5044.72,5054.39,4723.93,4794.80,,5.26B,-4.70%
19-Apr-16,5047.11,5063.56,4998.17,5031.27,,3.17B,0.14%
18-Apr-16,5073.81,5073.81,4994.69,5024.36,,3.57B,-1.68%
15-Apr-16,5129.51,5136.19,5082.44,5109.98,,3.82B,-0.41%
14-Apr-16,5111.63,5132.91,5069.97,5131.04,,4.94B,0.98%
13-Apr-16,5037.86,5144.30,5037.86,5081.46,,5.72B,1.55%
12-Apr-16,5042.86,5056.37,4948.38,5003.82,,3.75B,-0.79%
11-Apr-16,4979.49,5069.04,4979.49,5043.46,,4.20B,2.27%
8-Apr-16,4931.74,4951.11,4864.51,4931.73,,3.79B,-0.75%
7-Apr-16,5080.35,5091.51,4969.14,4969.14,,4.79B,-1.87%
6-Apr-16,5020.72,5070.42,4999.55,5063.94,,4.61B,0.49%
5-Apr-16,4910.24,5046.66,4900.54,5039.42,,4.64B,2.86%
1-Apr-16,4926.60,4940.08,4826.11,4899.34,,3.73B,-1.03%
31-Mar-16,4966.18,4996.25,4932.33,4950.31,,4.48B,0.27%
30-Mar-16,4801.08,4937.03,4801.08,4937.03,,4.07B,3.85%
29-Mar-16,4842.73,4851.14,4716.11,4753.82,,3.73B,-2.02%
28-Mar-16,4916.62,4959.93,4835.14,4851.70,,4.36B,-0.64%
25-Mar-16,4843.86,4900.45,4821.05,4882.78,,3.75B,0.56%
24-Mar-16,4888.47,4948.99,4848.92,4855.70,,4.88B,-1.42%
23-Mar-16,4866.64,4925.56,4845.61,4925.56,,4.21B,0.90%
22-Mar-16,4855.76,4930.47,4829.30,4881.47,,5.05B,-0.40%
21-Mar-16,4837.60,4900.90,4823.79,4900.90,,6.08B,2.52%
18-Mar-16,4638.44,4805.88,4633.07,4780.57,,5.90B,3.68%
17-Mar-16,4461.97,4618.92,4459.13,4610.95,,4.21B,3.85%
16-Mar-16,4526.05,4542.56,4406.00,4439.84,,2.83B,-1.19%
15-Mar-16,4532.54,4552.70,4479.03,4493.45,,3.19B,-1.31%
14-Mar-16,4453.40,4600.11,4453.40,4553.32,,3.71B,3.32%
11-Mar-16,4359.01,4435.41,4345.01,4407.00,,2.28B,-0.36%
10-Mar-16,4488.78,4525.14,4418.20,4422.95,,2.63B,-1.68%
9-Mar-16,4489.78,4578.15,4457.43,4498.67,,3.32B,-2.05%
8-Mar-16,4559.03,4592.92,4387.88,4592.92,,4.26B,0.67%
7-Mar-16,4521.46,4612.39,4517.84,4562.41,,3.63B,2.15%
4-Mar-16,4606.75,4638.60,4416.98,4466.35,,4.82B,-3.50%
3-Mar-16,4627.86,4720.06,4615.81,4628.26,,5.86B,0.20%
2-Mar-16,4396.19,4626.80,4396.19,4618.83,,4.98B,4.85%
1-Mar-16,4305.84,4430.46,4246.65,4405.21,,3.62B,2.47%
29-Feb-16,4519.07,4519.07,4252.07,4299.19,,3.68B,-5.35%
26-Feb-16,4573.92,4602.46,4445.78,4542.34,,3.41B,0.00%
25-Feb-16,4915.11,4915.11,4527.57,4542.18,,4.64B,-7.70%
24-Feb-16,4901.87,4953.46,4817.96,4920.97,,3.68B,0.00%
23-Feb-16,4965.05,4971.63,4852.53,4921.00,,3.86B,-0.87%
22-Feb-16,4945.31,4970.81,4915.27,4964.12,,4.18B,1.70%
19-Feb-16,4838.60,4911.09,4828.62,4880.96,,3.45B,0.55%
18-Feb-16,4901.94,4922.33,4842.67,4854.12,,4.24B,-0.28%
17-Feb-16,4814.77,4877.01,4777.44,4867.81,,3.93B,1.04%
16-Feb-16,4652.58,4832.46,4652.58,4817.68,,3.59B,4.09%
15-Feb-16,4479.16,4654.89,4479.16,4628.52,,2.35B,0.30%
5-Feb-16,4684.96,4698.39,4614.69,4614.76,,2.48B,-1.17%
4-Feb-16,4596.17,4691.52,4596.17,4669.62,,3.07B,1.95%
3-Feb-16,4503.63,4600.70,4478.02,4580.22,,2.83B,0.62%
2-Feb-16,4407.34,4568.00,4407.34,4551.94,,2.88B,3.37%
1-Feb-16,4445.26,4475.37,4340.83,4403.71,,2.56B,-1.25%
29-Jan-16,4288.91,4496.92,4276.42,4459.46,,3.04B,3.87%
28-Jan-16,4410.35,4461.84,4272.94,4293.25,,2.88B,-3.92%
27-Jan-16,4531.45,4547.10,4246.81,4468.42,,3.87B,-0.92%
26-Jan-16,4807.41,4813.14,4495.50,4510.06,,3.67B,-7.27%
25-Jan-16,4864.77,4913.33,4815.75,4863.89,,2.85B,1.00%
22-Jan-16,4799.73,4844.02,4665.33,4815.68,,3.07B,1.67%
21-Jan-16,4841.86,4991.21,4736.74,4736.74,,3.63B,-3.74%
20-Jan-16,4946.33,5016.60,4890.27,4920.83,,4.02B,-1.14%
19-Jan-16,4792.26,4984.81,4780.19,4977.62,,4.16B,3.68%
18-Jan-16,4609.47,4856.31,4609.47,4800.99,,3.33B,2.06%
15-Jan-16,4829.53,4887.23,4676.51,4704.20,,3.84B,-3.29%
14-Jan-16,4527.50,4875.16,4519.19,4864.39,,4.01B,3.98%
13-Jan-16,4883.93,4924.63,4678.41,4678.41,,3.78B,-3.80%
12-Jan-16,4834.02,4923.00,4736.54,4863.06,,4.09B,0.66%
11-Jan-16,5063.21,5133.52,4831.11,4831.11,,4.92B,-6.73%
8-Jan-16,5240.00,5303.61,4912.05,5179.70,,4.98B,0.83%
7-Jan-16,5503.58,5503.58,5134.02,5137.27,,1.31B,-8.43%
6-Jan-16,5508.68,5612.83,5451.57,5610.30,,4.54B,2.42%
5-Jan-16,5336.16,5617.55,5292.80,5477.91,,5.21B,-2.53%
4-Jan-16,6122.59,6127.25,5619.40,5620.37,,3.56B,-8.27%
